<?xml version="1.0"?>
<ctml>
  <validate species="yes" reactions="yes"/>

  <!-- phase gas     -->
  <phase id="gas" dim="3">
    <elementArray datasrc="elements.xml">H N Ru He</elementArray>
    <speciesArray datasrc="#species_data">H2   N2   NH3</speciesArray>
    <state>
      <temperature units="K">950.0</temperature>
      <pressure units="Pa">101325.0</pressure>
    </state>
    <thermo model="IdealGas"/>
    <kinetics model="GasKinetics"/>
    <transport model="None"/>
  </phase>

  <!-- phase BULK     -->
  <phase id="bulk" dim="3">
    <elementArray datasrc="elements.xml">Ru</elementArray>
    <speciesArray datasrc="#species_data">RU(B)</speciesArray>
    <state>
      <temperature units="K">950.0</temperature>
      <pressure units="Pa">101325.0</pressure>
    </state>
    <thermo model="StoichSubstance">
      <density units="g/cm3">12.4</density>
    </thermo>
    <transport model="None"/>
    <kinetics model="none"/>
  </phase>

  <!-- phase TERRACE     -->
  <phase id="terrace" dim="2">
    <elementArray datasrc="elements.xml">H N Ru He</elementArray>
    <speciesArray datasrc="#species_data">
      RU(S1)    N2(S1)   N(S1)    H(S1)    NH3(S1)  NH2(S1)  NH(S1)
    </speciesArray>
    <reactionArray datasrc="#reaction_data"/>
    <state>
      <temperature units="K">950.0</temperature>
      <pressure units="Pa">101325.0</pressure>
    </state>
    <thermo model="SurfaceCoverage">
      <site_density units="mol/cm2">2.1671e-09</site_density>
    </thermo>
    <interactionArray datasrc="#interaction_data"/>
    <kinetics model="Interface"/>
    <transport model="None"/>
    <phaseArray>gas bulk</phaseArray>
  </phase>

  <!-- phase STEP     -->
  <phase id="step" dim="2">
    <elementArray datasrc="elements.xml">H N Ru He</elementArray>
    <speciesArray datasrc="#species_data">
      N2(S2)   N(S2)    H(S2)    NH3(S2)  NH2(S2)  NH(S2)
      RU(S2)</speciesArray>
    <state>
      <temperature units="K">950.0</temperature>
      <pressure units="Pa">101325.0</pressure>
    </state>
    <thermo model="SurfaceCoverage">
      <site_density units="mol/cm2">4.4385e-10</site_density>
    </thermo>
    <kinetics model="Interface"/>
    <transport model="None"/>
    <phaseArray>gas bulk</phaseArray>
  </phase>

  <!-- species definitions     -->
  <speciesData id="species_data">

    <!-- species H2    -->
    <species name="H2">
      <atomArray>H:2 </atomArray>
      <note>20190315</note>
      <thermo>
        <NASA Tmin="100.0" Tmax="500.0" P0="100000.0">
           <floatArray size="7" name="coeffs">
             3.560000000E+00,  -1.360000000E-04,  -1.320000000E-07,   5.110000000E-10, 
             -1.790000000E-13,  -2.531655200E+01,  -4.520000000E+00</floatArray>
        </NASA>
        <NASA Tmin="500.0" Tmax="1000.0" P0="100000.0">
           <floatArray size="7" name="coeffs">
             3.240000000E+00,   5.210000000E-03,  -3.320000000E-05,   8.240000000E-08, 
             -6.930000000E-11,  -3.242593900E+00,  -3.380000000E+00</floatArray>
        </NASA>
      </thermo>
    </species>

    <!-- species N2    -->
    <species name="N2">
      <atomArray>N:2 </atomArray>
      <note>20190315</note>
      <thermo>
        <NASA Tmin="100.0" Tmax="500.0" P0="100000.0">
           <floatArray size="7" name="coeffs">
             3.670000000E+00,  -1.540000000E-03,   3.740000000E-06,  -2.500000000E-09, 
             5.640000000E-13,  -8.701615900E+00,   2.470000000E+00</floatArray>
        </NASA>
        <NASA Tmin="500.0" Tmax="1000.0" P0="100000.0">
           <floatArray size="7" name="coeffs">
             3.510000000E+00,  -1.020000000E-04,   6.670000000E-07,  -2.040000000E-09, 
             3.110000000E-12,  -3.509949200E+00,   3.120000000E+00</floatArray>
        </NASA>
      </thermo>
    </species>

    <!-- species NH3    -->
    <species name="NH3">
      <atomArray>H:3 N:1 </atomArray>
      <note>20190315</note>
      <thermo>
        <NASA Tmin="100.0" Tmax="500.0" P0="100000.0">
           <floatArray size="7" name="coeffs">
             2.880000000E+00,   4.600000000E-03,  -1.610000000E-07,  -7.100000000E-10, 
             1.990000000E-13,  -4.829705200E+03,   5.470000000E+00</floatArray>
        </NASA>
        <NASA Tmin="500.0" Tmax="1000.0" P0="100000.0">
           <floatArray size="7" name="coeffs">
             4.360000000E+00,  -6.150000000E-03,   2.950000000E-05,  -3.750000000E-08, 
             1.740000000E-11,  -4.994492700E+03,  -8.040000000E-01</floatArray>
        </NASA>
      </thermo>
    </species>

    <!-- species N2(S1)    -->
    <species name="N2(S1)">
      <atomArray>N:2 </atomArray>
      <note>20190315</note>
      <thermo>
        <NASA Tmin="100.0" Tmax="500.0" P0="100000.0">
           <floatArray size="7" name="coeffs">
             3.839874100E+00,   2.909881800E-03,  -2.277200500E-06,   1.408931100E-09, 
             -4.583397700E-13,  -9.282161460E+03,  -1.651416200E+01</floatArray>
        </NASA>
        <NASA Tmin="500.0" Tmax="1000.0" P0="100000.0">
           <floatArray size="7" name="coeffs">
             -3.038911600E-01,   3.889649300E-02,  -1.184482600E-04,   1.654750300E-07, 
             -8.538347900E-11,  -8.900895200E+03,   2.549037600E-01</floatArray>
        </NASA>
      </thermo>
    </species>

    <!-- species N(S1)    -->
    <species name="N(S1)">
      <atomArray>N:1 </atomArray>
      <note>20190315</note>
      <thermo>
        <NASA Tmin="100.0" Tmax="500.0" P0="100000.0">
           <floatArray size="7" name="coeffs">
             -7.236105600E-02,   1.134861500E-02,  -1.767584700E-05,   1.295004000E-08, 
             -3.665193800E-12,  -1.091782900E+04,  -1.183790100E+00</floatArray>
        </NASA>
        <NASA Tmin="500.0" Tmax="1000.0" P0="100000.0">
           <floatArray size="7" name="coeffs">
             1.251438100E-01,  -8.526699600E-03,   1.272280300E-04,  -3.476739800E-07, 
             2.944793500E-10,  -1.079848200E+04,  -2.202533100E-01</floatArray>
        </NASA>
      </thermo>
    </species>

    <!-- species H(S1)    -->
    <species name="H(S1)">
      <atomArray>H:1 </atomArray>
      <note>20190315</note>
      <thermo>
        <NASA Tmin="100.0" Tmax="500.0" P0="100000.0">
           <floatArray size="7" name="coeffs">
             -1.844636400E+00,   1.549380100E-02,  -2.174008200E-05,   1.473624200E-08, 
             -3.930465200E-12,  -6.544891600E+03,   7.195087500E+00</floatArray>
        </NASA>
        <NASA Tmin="500.0" Tmax="1000.0" P0="100000.0">
           <floatArray size="7" name="coeffs">
             1.723686600E-01,  -7.126453100E-03,   6.801739700E-05,  -1.367280700E-07, 
             8.855984500E-11,  -6.677192000E+03,  -3.841448100E-01</floatArray>
        </NASA>
      </thermo>
    </species>

    <!-- species NH3(S1)    -->
    <species name="NH3(S1)">
      <atomArray>H:3 N:1 </atomArray>
      <note>20190315</note>
      <thermo>
        <NASA Tmin="100.0" Tmax="500.0" P0="100000.0">
           <floatArray size="7" name="coeffs">
             6.319237100E-01,   1.790207000E-02,  -1.915484400E-05,   1.240778900E-08, 
             -3.347465200E-12,  -1.351768000E+04,  -3.699825200E+00</floatArray>
        </NASA>
        <NASA Tmin="500.0" Tmax="1000.0" P0="100000.0">
           <floatArray size="7" name="coeffs">
             -9.573743900E-01,   3.760278400E-02,  -1.047145400E-04,   1.694294200E-07, 
             -1.072457700E-10,  -1.342473100E+04,   2.105644500E+00</floatArray>
        </NASA>
      </thermo>
    </species>

    <!-- species NH2(S1)    -->
    <species name="NH2(S1)">
      <atomArray>H:2 N:1 </atomArray>
      <note>20190315</note>
      <thermo>
        <NASA Tmin="100.0" Tmax="500.0" P0="100000.0">
           <floatArray size="7" name="coeffs">
             -1.482996200E+00,   2.500906100E-02,  -3.466896100E-05,   2.481785100E-08, 
             -6.977616000E-12,  -9.448544400E+03,   4.582899600E+00</floatArray>
        </NASA>
        <NASA Tmin="500.0" Tmax="1000.0" P0="100000.0">
           <floatArray size="7" name="coeffs">
             -1.404812000E-01,   7.119637900E-04,   1.000267800E-04,  -2.751326800E-07, 
             2.275804100E-10,  -9.474248000E+03,   3.845360400E-01</floatArray>
        </NASA>
      </thermo>
    </species>

    <!-- species NH(S1)    -->
    <species name="NH(S1)">
      <atomArray>H:1 N:1 </atomArray>
      <note>20190315</note>
      <thermo>
        <NASA Tmin="100.0" Tmax="500.0" P0="100000.0">
           <floatArray size="7" name="coeffs">
             -1.703533200E+00,   2.284185500E-02,  -3.427815600E-05,   2.512457100E-08, 
             -7.131613600E-12,  -1.227858510E+04,   5.523630300E+00</floatArray>
        </NASA>
        <NASA Tmin="500.0" Tmax="1000.0" P0="100000.0">
           <floatArray size="7" name="coeffs">
             2.085194400E-01,  -1.165314000E-02,   1.523854200E-04,  -3.789267400E-07, 
             3.001709600E-10,  -1.230772540E+04,  -4.119214400E-01</floatArray>
        </NASA>
      </thermo>
    </species>

    <!-- species RU(S1)    -->
    <species name="RU(S1)">
      <atomArray>Ru:1 </atomArray>
      <note>20190315</note>
      <thermo>
        <NASA Tmin="100.0" Tmax="500.0" P0="100000.0">
           <floatArray size="7" name="coeffs">
             0.000000000E+00,   0.000000000E+00,   0.000000000E+00,   0.000000000E+00, 
             0.000000000E+00,   0.000000000E+00,   0.000000000E+00</floatArray>
        </NASA>
        <NASA Tmin="500.0" Tmax="1000.0" P0="100000.0">
           <floatArray size="7" name="coeffs">
             0.000000000E+00,   0.000000000E+00,   0.000000000E+00,   0.000000000E+00, 
             0.000000000E+00,   0.000000000E+00,   0.000000000E+00</floatArray>
        </NASA>
      </thermo>
    </species>

    <!-- species N2(S2)    -->
    <species name="N2(S2)">
      <atomArray>N:2 </atomArray>
      <note>20190315</note>
      <thermo>
        <NASA Tmin="100.0" Tmax="500.0" P0="100000.0">
           <floatArray size="7" name="coeffs">
             3.839874100E+00,   2.909881800E-03,  -2.277200500E-06,   1.408931100E-09, 
             -4.583397700E-13,  -1.508464490E+04,  -1.651416200E+01</floatArray>
        </NASA>
        <NASA Tmin="500.0" Tmax="1000.0" P0="100000.0">
           <floatArray size="7" name="coeffs">
             -3.038911600E-01,   3.889649300E-02,  -1.184482600E-04,   1.654750300E-07, 
             -8.538347900E-11,  -1.470337870E+04,   2.549037600E-01</floatArray>
        </NASA>
      </thermo>
    </species>

    <!-- species N(S2)    -->
    <species name="N(S2)">
      <atomArray>N:1 </atomArray>
      <note>20190315</note>
      <thermo>
        <NASA Tmin="100.0" Tmax="500.0" P0="100000.0">
           <floatArray size="7" name="coeffs">
             -7.236105600E-02,   1.134861500E-02,  -1.767584700E-05,   1.295004000E-08, 
             -3.665193800E-12,  -1.286762780E+04,  -1.183790100E+00</floatArray>
        </NASA>
        <NASA Tmin="500.0" Tmax="1000.0" P0="100000.0">
           <floatArray size="7" name="coeffs">
             1.251438100E-01,  -8.526699600E-03,   1.272280300E-04,  -3.476739800E-07, 
             2.944793500E-10,  -1.274828080E+04,  -2.202533100E-01</floatArray>
        </NASA>
      </thermo>
    </species>

    <!-- species H(S2)    -->
    <species name="H(S2)">
      <atomArray>H:1 </atomArray>
      <note>20190315</note>
      <thermo>
        <NASA Tmin="100.0" Tmax="500.0" P0="100000.0">
           <floatArray size="7" name="coeffs">
             -1.844636400E+00,   1.549380100E-02,  -2.174008200E-05,   1.473624200E-08, 
             -3.930465200E-12,  -6.876009500E+03,   7.195087500E+00</floatArray>
        </NASA>
        <NASA Tmin="500.0" Tmax="1000.0" P0="100000.0">
           <floatArray size="7" name="coeffs">
             1.723686600E-01,  -7.126453100E-03,   6.801739700E-05,  -1.367280700E-07, 
             8.855984500E-11,  -7.008309900E+03,  -3.841448100E-01</floatArray>
        </NASA>
      </thermo>
    </species>

    <!-- species NH3(S2)    -->
    <species name="NH3(S2)">
      <atomArray>H:3 N:1 </atomArray>
      <note>20190315</note>
      <thermo>
        <NASA Tmin="100.0" Tmax="500.0" P0="100000.0">
           <floatArray size="7" name="coeffs">
             6.319237100E-01,   1.790207000E-02,  -1.915484400E-05,   1.240778900E-08, 
             -3.347465200E-12,  -1.873991500E+04,  -3.699825200E+00</floatArray>
        </NASA>
        <NASA Tmin="500.0" Tmax="1000.0" P0="100000.0">
           <floatArray size="7" name="coeffs">
             -9.573743900E-01,   3.760278400E-02,  -1.047145400E-04,   1.694294200E-07, 
             -1.072457700E-10,  -1.864696600E+04,   2.105644500E+00</floatArray>
        </NASA>
      </thermo>
    </species>

    <!-- species NH2(S2)    -->
    <species name="NH2(S2)">
      <atomArray>H:2 N:1 </atomArray>
      <note>20190315</note>
      <thermo>
        <NASA Tmin="100.0" Tmax="500.0" P0="100000.0">
           <floatArray size="7" name="coeffs">
             -1.482996200E+00,   2.500906100E-02,  -3.466896100E-05,   2.481785100E-08, 
             -6.977616000E-12,  -1.853131000E+04,   4.582899600E+00</floatArray>
        </NASA>
        <NASA Tmin="500.0" Tmax="1000.0" P0="100000.0">
           <floatArray size="7" name="coeffs">
             -1.404812000E-01,   7.119637900E-04,   1.000267800E-04,  -2.751326800E-07, 
             2.275804100E-10,  -1.855701400E+04,   3.845360400E-01</floatArray>
        </NASA>
      </thermo>
    </species>

    <!-- species NH(S2)    -->
    <species name="NH(S2)">
      <atomArray>H:1 N:1 </atomArray>
      <note>20190315</note>
      <thermo>
        <NASA Tmin="100.0" Tmax="500.0" P0="100000.0">
           <floatArray size="7" name="coeffs">
             -1.703533200E+00,   2.284185500E-02,  -3.427815600E-05,   2.512457100E-08, 
             -7.131613600E-12,  -1.696841110E+04,   5.523630300E+00</floatArray>
        </NASA>
        <NASA Tmin="500.0" Tmax="1000.0" P0="100000.0">
           <floatArray size="7" name="coeffs">
             2.085194400E-01,  -1.165314000E-02,   1.523854200E-04,  -3.789267400E-07, 
             3.001709600E-10,  -1.699755140E+04,  -4.119214400E-01</floatArray>
        </NASA>
      </thermo>
    </species>

    <!-- species RU(S2)    -->
    <species name="RU(S2)">
      <atomArray>Ru:1 </atomArray>
      <note>20190315</note>
      <thermo>
        <NASA Tmin="100.0" Tmax="500.0" P0="100000.0">
           <floatArray size="7" name="coeffs">
             0.000000000E+00,   0.000000000E+00,   0.000000000E+00,   0.000000000E+00, 
             0.000000000E+00,   0.000000000E+00,   0.000000000E+00</floatArray>
        </NASA>
        <NASA Tmin="500.0" Tmax="1000.0" P0="100000.0">
           <floatArray size="7" name="coeffs">
             0.000000000E+00,   0.000000000E+00,   0.000000000E+00,   0.000000000E+00, 
             0.000000000E+00,   0.000000000E+00,   0.000000000E+00</floatArray>
        </NASA>
      </thermo>
    </species>

    <!-- species RU(B)    -->
    <species name="RU(B)">
      <atomArray>Ru:1 </atomArray>
      <note>20190315</note>
      <thermo>
        <NASA Tmin="100.0" Tmax="500.0" P0="100000.0">
           <floatArray size="7" name="coeffs">
             0.000000000E+00,   0.000000000E+00,   0.000000000E+00,   0.000000000E+00, 
             0.000000000E+00,   0.000000000E+00,   0.000000000E+00</floatArray>
        </NASA>
        <NASA Tmin="500.0" Tmax="1000.0" P0="100000.0">
           <floatArray size="7" name="coeffs">
             0.000000000E+00,   0.000000000E+00,   0.000000000E+00,   0.000000000E+00, 
             0.000000000E+00,   0.000000000E+00,   0.000000000E+00</floatArray>
        </NASA>
      </thermo>
    </species>
  </speciesData>

  <reactionData id="reaction_data" motz_wise="false">

    <!-- reaction 0001    -->
    <reaction id="0001" reversible="yes" type="surface">
      <equation>H2 + 2 RU(S1) [=] 2 H(S1) + 2 RU(B)</equation>
      <rateCoeff>
        <Arrhenius type="stick" species="H2">
           <A>5.000000E-01</A>
           <b>0.0</b>
           <E units="kcal/mol">0.000000</E>
        </Arrhenius>
      </rateCoeff>
      <reactants>H2:1.0 RU(S1):2.0</reactants>
      <products>H(S1):2.0 RU(B):2.0</products>
    </reaction>

    <!-- reaction 0002    -->
    <reaction id="0002" reversible="yes" type="surface">
      <equation>N2 + RU(S1) [=] N2(S1) + RU(B)</equation>
      <rateCoeff>
        <Arrhenius type="stick" species="N2">
           <A>5.000000E-01</A>
           <b>0.0</b>
           <E units="kcal/mol">0.000000</E>
        </Arrhenius>
      </rateCoeff>
      <reactants>N2:1.0 RU(S1):1</reactants>
      <products>N2(S1):1.0 RU(B):1</products>
    </reaction>

    <!-- reaction 0003    -->
    <reaction id="0003" reversible="yes" type="surface">
      <equation>NH3 + RU(S1) [=] NH3(S1) + RU(B)</equation>
      <rateCoeff>
        <Arrhenius type="stick" species="NH3">
           <A>5.000000E-01</A>
           <b>0.0</b>
           <E units="kcal/mol">0.000000</E>
        </Arrhenius>
      </rateCoeff>
      <reactants>NH3:1.0 RU(S1):1</reactants>
      <products>NH3(S1):1.0 RU(B):1</products>
    </reaction>

    <!-- reaction 0004    -->
    <reaction id="0004" reversible="yes" type="surface">
      <equation>NH3(S1) + RU(S1) [=] H(S1) + NH2(S1) + RU(B)</equation>
      <rateCoeff>
        <Arrhenius>
           <A>2.450000E+18</A>
           <b>1.0</b>
           <E units="kcal/mol">31.5916312795</E>
        </Arrhenius>
      </rateCoeff>
      <reactants>NH3(S1):1.0 RU(S1):1</reactants>
      <products>H(S1):1.0 NH2(S1):1 RU(B):1</products>
    </reaction>

    <!-- reaction 0005    -->
    <reaction id="0005" reversible="yes" type="surface">
      <equation>NH2(S1) + RU(S1) [=] H(S1) + NH(S1) + RU(B)</equation>
      <rateCoeff>
        <Arrhenius>
           <A>5.590000E+17</A>
           <b>1.0</b>
           <E units="kcal/mol">19.6704836485</E>
        </Arrhenius>
      </rateCoeff>
      <reactants>NH2(S1):1.0 RU(S1):1</reactants>
      <products>H(S1):1.0 NH(S1):1 RU(B):1</products>
    </reaction>

    <!-- reaction 0006    -->
    <reaction id="0006" reversible="yes" type="surface">
      <equation>NH(S1) + RU(S1) [=] N(S1) + H(S1) + RU(B)</equation>
      <rateCoeff>
        <Arrhenius>
           <A>5.200000E+17</A>
           <b>1.0</b>
           <E units="kcal/mol">22.8121472547</E>
        </Arrhenius>
      </rateCoeff>
      <reactants>NH(S1):1.0 RU(S1):1</reactants>
      <products>N(S1):1.0 H(S1):1 RU(B):1</products>
    </reaction>

    <!-- reaction 0007    -->
    <reaction id="0007" reversible="yes" type="surface">
      <equation>N2(S1) + RU(S1) [=] 2 N(S1) + RU(B)</equation>
      <rateCoeff>
        <Arrhenius>
           <A>2.660000E+19</A>
           <b>1.0</b>
           <E units="kcal/mol">69.2517246745</E>
        </Arrhenius>
      </rateCoeff>
      <reactants>N2(S1):1.0 RU(S1):1</reactants>
      <products>N(S1):2.0 RU(B):1</products>
    </reaction>
  </reactionData>
  <interactionData id="interaction_data">

    <!-- interaction 0001    -->
    <interaction id="0001">
      <speciesArray datasrc="#species_data">N(S1) N(S1)</speciesArray>
      <floatArray name="strength" units="kcal/mol">-4.701790000E+01, </floatArray>
      <floatArray name="coverage_threshold">0.000000000E+00,   1.000000000E+00, </floatArray>
    </interaction>

    <!-- interaction 0002    -->
    <interaction id="0002">
      <speciesArray datasrc="#species_data">N(S1) H(S1)</speciesArray>
      <floatArray name="strength" units="kcal/mol">-1.775450000E+01, </floatArray>
      <floatArray name="coverage_threshold">0.000000000E+00,   1.000000000E+00, </floatArray>
    </interaction>

    <!-- interaction 0003    -->
    <interaction id="0003">
      <speciesArray datasrc="#species_data">N(S1) NH3(S1)</speciesArray>
      <floatArray name="strength" units="kcal/mol">-2.516310000E+01, </floatArray>
      <floatArray name="coverage_threshold">0.000000000E+00,   1.000000000E+00, </floatArray>
    </interaction>

    <!-- interaction 0004    -->
    <interaction id="0004">
      <speciesArray datasrc="#species_data">N(S1) NH2(S1)</speciesArray>
      <floatArray name="strength" units="kcal/mol">-2.076200000E+01, </floatArray>
      <floatArray name="coverage_threshold">0.000000000E+00,   1.000000000E+00, </floatArray>
    </interaction>

    <!-- interaction 0005    -->
    <interaction id="0005">
      <speciesArray datasrc="#species_data">N(S1) NH(S1)</speciesArray>
      <floatArray name="strength" units="kcal/mol">-4.878230000E+01, </floatArray>
      <floatArray name="coverage_threshold">0.000000000E+00,   1.000000000E+00, </floatArray>
    </interaction>
    
    <!-- interaction 0016    -->
    <interaction id="0016">
      <speciesArray datasrc="#species_data">H(S1) N(S1)</speciesArray>
      <floatArray name="strength" units="kcal/mol">-1.775450000E+01, </floatArray>
      <floatArray name="coverage_threshold">0.000000000E+00,   1.000000000E+00, </floatArray>
    </interaction>

    <!-- interaction 0006    -->
    <interaction id="0006">
      <speciesArray datasrc="#species_data">H(S1) H(S1)</speciesArray>
      <floatArray name="strength" units="kcal/mol">-6.704300000E+00, </floatArray>
      <floatArray name="coverage_threshold">0.000000000E+00,   1.000000000E+00, </floatArray>
    </interaction>

    <!-- interaction 0007    -->
    <interaction id="0007">
      <speciesArray datasrc="#species_data">H(S1) NH3(S1)</speciesArray>
      <floatArray name="strength" units="kcal/mol">-9.501900000E+00, </floatArray>
      <floatArray name="coverage_threshold">0.000000000E+00,   1.000000000E+00, </floatArray>
    </interaction>

    <!-- interaction 0008    -->
    <interaction id="0008">
      <speciesArray datasrc="#species_data">H(S1) NH2(S1)</speciesArray>
      <floatArray name="strength" units="kcal/mol">-7.840000000E+00, </floatArray>
      <floatArray name="coverage_threshold">0.000000000E+00,   1.000000000E+00, </floatArray>
    </interaction>

    <!-- interaction 0009    -->
    <interaction id="0009">
      <speciesArray datasrc="#species_data">H(S1) NH(S1)</speciesArray>
      <floatArray name="strength" units="kcal/mol">-1.842080000E+01, </floatArray>
      <floatArray name="coverage_threshold">0.000000000E+00,   1.000000000E+00, </floatArray>
    </interaction>

    <!-- interaction 0017    -->
    <interaction id="0017">
      <speciesArray datasrc="#species_data">NH3(S1) N(S1)</speciesArray>
      <floatArray name="strength" units="kcal/mol">-2.516310000E+01, </floatArray>
      <floatArray name="coverage_threshold">0.000000000E+00,   1.000000000E+00, </floatArray>
    </interaction>

    <!-- interaction 0018    -->
    <interaction id="0018">
      <speciesArray datasrc="#species_data">NH3(S1) H(S1)</speciesArray>
      <floatArray name="strength" units="kcal/mol">-9.501900000E+00, </floatArray>
      <floatArray name="coverage_threshold">0.000000000E+00,   1.000000000E+00, </floatArray>
    </interaction>

    <!-- interaction 0010    -->
    <interaction id="0010">
      <speciesArray datasrc="#species_data">NH3(S1) NH3(S1)</speciesArray>
      <floatArray name="strength" units="kcal/mol">-1.346680000E+01, </floatArray>
      <floatArray name="coverage_threshold">0.000000000E+00,   1.000000000E+00, </floatArray>
    </interaction>

    <!-- interaction 0011    -->
    <interaction id="0011">
      <speciesArray datasrc="#species_data">NH3(S1) NH2(S1)</speciesArray>
      <floatArray name="strength" units="kcal/mol">-1.111150000E+01, </floatArray>
      <floatArray name="coverage_threshold">0.000000000E+00,   1.000000000E+00, </floatArray>
    </interaction>

    <!-- interaction 0012    -->
    <interaction id="0012">
      <speciesArray datasrc="#species_data">NH3(S1) NH(S1)</speciesArray>
      <floatArray name="strength" units="kcal/mol">-2.610740000E+01, </floatArray>
      <floatArray name="coverage_threshold">0.000000000E+00,   1.000000000E+00, </floatArray>
    </interaction>

    <!-- interaction 0019    -->
    <interaction id="0019">
      <speciesArray datasrc="#species_data">NH2(S1) N(S1)</speciesArray>
      <floatArray name="strength" units="kcal/mol">-2.076200000E+01, </floatArray>
      <floatArray name="coverage_threshold">0.000000000E+00,   1.000000000E+00, </floatArray>
    </interaction>

    <!-- interaction 0020    -->
    <interaction id="0020">
      <speciesArray datasrc="#species_data">NH2(S1) H(S1)</speciesArray>
      <floatArray name="strength" units="kcal/mol">-7.840000000E+00, </floatArray>
      <floatArray name="coverage_threshold">0.000000000E+00,   1.000000000E+00, </floatArray>
    </interaction>

    <!-- interaction 0021    -->
    <interaction id="0021">
      <speciesArray datasrc="#species_data">NH2(S1) NH3(S1)</speciesArray>
      <floatArray name="strength" units="kcal/mol">-1.111150000E+01, </floatArray>
      <floatArray name="coverage_threshold">0.000000000E+00,   1.000000000E+00, </floatArray>
    </interaction>

    <!-- interaction 0013    -->
    <interaction id="0013">
      <speciesArray datasrc="#species_data">NH2(S1) NH2(S1)</speciesArray>
      <floatArray name="strength" units="kcal/mol">-9.168100000E+00, </floatArray>
      <floatArray name="coverage_threshold">0.000000000E+00,   1.000000000E+00, </floatArray>
    </interaction>

    <!-- interaction 0014    -->
    <interaction id="0014">
      <speciesArray datasrc="#species_data">NH2(S1) NH(S1)</speciesArray>
      <floatArray name="strength" units="kcal/mol">-2.154120000E+01, </floatArray>
      <floatArray name="coverage_threshold">0.000000000E+00,   1.000000000E+00, </floatArray>
    </interaction>

    <!-- interaction 0022    -->
    <interaction id="0022">
      <speciesArray datasrc="#species_data">NH(S1) N(S1)</speciesArray>
      <floatArray name="strength" units="kcal/mol">-4.878230000E+01, </floatArray>
      <floatArray name="coverage_threshold">0.000000000E+00,   1.000000000E+00, </floatArray>
    </interaction>
    
    <!-- interaction 0023    -->
    <interaction id="0023">
      <speciesArray datasrc="#species_data">NH(S1) H(S1)</speciesArray>
      <floatArray name="strength" units="kcal/mol">-1.842080000E+01, </floatArray>
      <floatArray name="coverage_threshold">0.000000000E+00,   1.000000000E+00, </floatArray>
    </interaction>

    <!-- interaction 0024    -->
    <interaction id="0024">
      <speciesArray datasrc="#species_data">NH(S1) NH3(S1)</speciesArray>
      <floatArray name="strength" units="kcal/mol">-2.610740000E+01, </floatArray>
      <floatArray name="coverage_threshold">0.000000000E+00,   1.000000000E+00, </floatArray>
    </interaction>

    <!-- interaction 0025    -->
    <interaction id="0025">
      <speciesArray datasrc="#species_data">NH(S1) NH2(S1)</speciesArray>
      <floatArray name="strength" units="kcal/mol">-2.154120000E+01, </floatArray>
      <floatArray name="coverage_threshold">0.000000000E+00,   1.000000000E+00, </floatArray>
    </interaction>

    <!-- interaction 0015    -->
    <interaction id="0015">
      <speciesArray datasrc="#species_data">NH(S1) NH(S1)</speciesArray>
      <floatArray name="strength" units="kcal/mol">-5.061290000E+01, </floatArray>
      <floatArray name="coverage_threshold">0.000000000E+00,   1.000000000E+00, </floatArray>
    </interaction>
  </interactionData>
</ctml>
