t(s),RU(S1),N2(S1),N(S1),H(S1),NH3(S1),NH2(S1),NH(S1),N2(S2),N(S2),H(S2),NH3(S2),NH2(S2),NH(S2),RU(S2)
1.000000e-15,9.999999e-01,6.583308e-82,3.162724e-31,9.088069e-17,6.672380e-08,9.088066e-17,1.294908e-23,0.000000e+00,0.000000e+00,0.000000e+00,0.000000e+00,0.000000e+00,0.000000e+00,1.000000e+00
1.450000e-15,9.999999e-01,2.260943e-81,1.469758e-30,1.910506e-16,9.673708e-08,1.910505e-16,4.081617e-23,0.000000e+00,0.000000e+00,0.000000e+00,0.000000e+00,0.000000e+00,0.000000e+00,1.000000e+00
1.900000e-15,9.999999e-01,7.656183e-81,3.479769e-30,3.280071e-16,1.267426e-07,3.280069e-16,8.469538e-23,0.000000e+00,0.000000e+00,0.000000e+00,0.000000e+00,0.000000e+00,0.000000e+00,1.000000e+00
2.350000e-15,9.999998e-01,3.435753e-80,7.588140e-30,5.017308e-16,1.567405e-07,5.017305e-16,1.566294e-22,0.000000e+00,0.000000e+00,0.000000e+00,0.000000e+00,0.000000e+00,0.000000e+00,1.000000e+00
2.800000e-15,9.999998e-01,9.401438e-80,1.375385e-29,7.122241e-16,1.867306e-07,7.122236e-16,2.550422e-22,0.000000e+00,0.000000e+00,0.000000e+00,0.000000e+00,0.000000e+00,0.000000e+00,1.000000e+00
3.250000e-15,9.999998e-01,2.657253e-79,2.379840e-29,9.594664e-16,2.167131e-07,9.594656e-16,3.924512e-22,0.000000e+00,0.000000e+00,0.000000e+00,0.000000e+00,0.000000e+00,0.000000e+00,1.000000e+00
3.700000e-15,9.999998e-01,6.368322e-79,3.772641e-29,1.243460e-15,2.466878e-07,1.243458e-15,5.676956e-22,0.000000e+00,0.000000e+00,0.000000e+00,0.000000e+00,0.000000e+00,0.000000e+00,1.000000e+00
4.150000e-15,9.999997e-01,1.599780e-78,5.787653e-29,1.564183e-15,2.766548e-07,1.564182e-15,7.928646e-22,0.000000e+00,0.000000e+00,0.000000e+00,0.000000e+00,0.000000e+00,0.000000e+00,1.000000e+00
4.600000e-15,9.999997e-01,3.350041e-78,8.393281e-29,1.921642e-15,3.066141e-07,1.921640e-15,1.065737e-21,0.000000e+00,0.000000e+00,0.000000e+00,0.000000e+00,0.000000e+00,0.000000e+00,1.000000e+00
5.050000e-15,9.999997e-01,7.269315e-78,1.183010e-28,2.315818e-15,3.365658e-07,2.315815e-15,1.396437e-21,0.000000e+00,0.000000e+00,0.000000e+00,0.000000e+00,0.000000e+00,0.000000e+00,1.000000e+00
5.500000e-15,9.999996e-01,1.435738e-77,1.619763e-28,2.746706e-15,3.665097e-07,2.746702e-15,1.788459e-21,0.000000e+00,0.000000e+00,0.000000e+00,0.000000e+00,0.000000e+00,0.000000e+00,1.000000e+00
5.950000e-15,9.999996e-01,2.727367e-77,2.172756e-28,3.214293e-15,3.964459e-07,3.214289e-15,2.249404e-21,0.000000e+00,0.000000e+00,0.000000e+00,0.000000e+00,0.000000e+00,0.000000e+00,1.000000e+00
6.400000e-15,9.999996e-01,4.926735e-77,2.859040e-28,3.718571e-15,4.263745e-07,3.718565e-15,2.784747e-21,0.000000e+00,0.000000e+00,0.000000e+00,0.000000e+00,0.000000e+00,0.000000e+00,1.000000e+00
6.850000e-15,9.999995e-01,8.708510e-77,3.702298e-28,4.259528e-15,4.562953e-07,4.259521e-15,3.400633e-21,0.000000e+00,0.000000e+00,0.000000e+00,0.000000e+00,0.000000e+00,0.000000e+00,1.000000e+00
7.300000e-15,9.999995e-01,1.700190e-76,4.731284e-28,4.837156e-15,4.862085e-07,4.837148e-15,4.102459e-21,0.000000e+00,0.000000e+00,0.000000e+00,0.000000e+00,0.000000e+00,0.000000e+00,1.000000e+00
7.750000e-15,9.999995e-01,3.330748e-76,5.977947e-28,5.451446e-15,5.161139e-07,5.451436e-15,4.895517e-21,0.000000e+00,0.000000e+00,0.000000e+00,0.000000e+00,0.000000e+00,0.000000e+00,1.000000e+00
8.200000e-15,9.999995e-01,5.696501e-76,7.458420e-28,6.102388e-15,5.460117e-07,6.102377e-15,5.786187e-21,0.000000e+00,0.000000e+00,0.000000e+00,0.000000e+00,0.000000e+00,0.000000e+00,1.000000e+00
8.650000e-15,9.999994e-01,8.868431e-76,9.194043e-28,6.789971e-15,5.759018e-07,6.789958e-15,6.780489e-21,0.000000e+00,0.000000e+00,0.000000e+00,0.000000e+00,0.000000e+00,0.000000e+00,1.000000e+00
9.100000e-15,9.999994e-01,1.291752e-75,1.120616e-27,7.514186e-15,6.057842e-07,7.514171e-15,7.884445e-21,0.000000e+00,0.000000e+00,0.000000e+00,0.000000e+00,0.000000e+00,0.000000e+00,1.000000e+00
9.550000e-15,9.999994e-01,1.944840e-75,1.354428e-27,8.275024e-15,6.356589e-07,8.275006e-15,9.103074e-21,0.000000e+00,0.000000e+00,0.000000e+00,0.000000e+00,0.000000e+00,0.000000e+00,1.000000e+00
1.000000e-14,9.999993e-01,3.013602e-75,1.625925e-27,9.072477e-15,6.655260e-07,9.072456e-15,1.044135e-20,0.000000e+00,0.000000e+00,0.000000e+00,0.000000e+00,0.000000e+00,0.000000e+00,1.000000e+00
1.450000e-14,9.999990e-01,6.807281e-74,7.061521e-27,1.905867e-14,9.637746e-07,1.905861e-14,3.170201e-20,0.000000e+00,0.000000e+00,0.000000e+00,0.000000e+00,0.000000e+00,0.000000e+00,1.000000e+00
1.900000e-14,9.999987e-01,7.620826e-73,2.066169e-26,3.269588e-14,1.261258e-06,3.269574e-14,7.122526e-20,0.000000e+00,0.000000e+00,0.000000e+00,0.000000e+00,0.000000e+00,0.000000e+00,1.000000e+00
2.350000e-14,9.999984e-01,5.969067e-72,4.840099e-26,4.997475e-14,1.557977e-06,4.997448e-14,1.346393e-19,0.000000e+00,0.000000e+00,0.000000e+00,0.000000e+00,0.000000e+00,0.000000e+00,1.000000e+00
2.800000e-14,9.999981e-01,3.569314e-71,9.840116e-26,7.088595e-14,1.853934e-06,7.088550e-14,2.275575e-19,0.000000e+00,0.000000e+00,0.000000e+00,0.000000e+00,0.000000e+00,0.000000e+00,1.000000e+00
3.250000e-14,9.999979e-01,1.230514e-70,1.783372e-25,9.542015e-14,2.149132e-06,9.541944e-14,3.555935e-19,0.000000e+00,0.000000e+00,0.000000e+00,0.000000e+00,0.000000e+00,0.000000e+00,1.000000e+00
3.700000e-14,9.999976e-01,3.648505e-70,2.991805e-25,1.235681e-13,2.443572e-06,1.235670e-13,5.243344e-19,0.000000e+00,0.000000e+00,0.000000e+00,0.000000e+00,0.000000e+00,0.000000e+00,1.000000e+00
4.150000e-14,9.999973e-01,8.972939e-70,4.710141e-25,1.553204e-13,2.737256e-06,1.553189e-13,7.393732e-19,0.000000e+00,0.000000e+00,0.000000e+00,0.000000e+00,0.000000e+00,0.000000e+00,1.000000e+00
4.600000e-14,9.999970e-01,2.098192e-69,7.079316e-25,1.906678e-13,3.030186e-06,1.906658e-13,1.006267e-18,0.000000e+00,0.000000e+00,0.000000e+00,0.000000e+00,0.000000e+00,0.000000e+00,1.000000e+00
5.050000e-14,9.999967e-01,4.651400e-69,1.025074e-24,2.296013e-13,3.322364e-06,2.295986e-13,1.330564e-18,0.000000e+00,0.000000e+00,0.000000e+00,0.000000e+00,0.000000e+00,0.000000e+00,1.000000e+00
5.500000e-14,9.999964e-01,9.832293e-69,1.439009e-24,2.721114e-13,3.613792e-06,2.721080e-13,1.717795e-18,0.000000e+00,0.000000e+00,0.000000e+00,0.000000e+00,0.000000e+00,0.000000e+00,1.000000e+00
5.950000e-14,9.999961e-01,1.978620e-68,1.967800e-24,3.181892e-13,3.904472e-06,3.181848e-13,2.173481e-18,0.000000e+00,0.000000e+00,0.000000e+00,0.000000e+00,0.000000e+00,0.000000e+00,1.000000e+00
6.400000e-14,9.999958e-01,3.780558e-68,2.630571e-24,3.678253e-13,4.194406e-06,3.678199e-13,2.703129e-18,0.000000e+00,0.000000e+00,0.000000e+00,0.000000e+00,0.000000e+00,0.000000e+00,1.000000e+00
6.850000e-14,9.999955e-01,6.860276e-68,3.447990e-24,4.210107e-13,4.483595e-06,4.210041e-13,3.312235e-18,0.000000e+00,0.000000e+00,0.000000e+00,0.000000e+00,0.000000e+00,0.000000e+00,1.000000e+00
7.300000e-14,9.999952e-01,1.207840e-67,4.442596e-24,4.777363e-13,4.772041e-06,4.777283e-13,4.006275e-18,0.000000e+00,0.000000e+00,0.000000e+00,0.000000e+00,0.000000e+00,0.000000e+00,1.000000e+00
7.750000e-14,9.999949e-01,2.048721e-67,5.638004e-24,5.379930e-13,5.059748e-06,5.379834e-13,4.790714e-18,0.000000e+00,0.000000e+00,0.000000e+00,0.000000e+00,0.000000e+00,0.000000e+00,1.000000e+00
8.200000e-14,9.999947e-01,3.382940e-67,7.059766e-24,6.017716e-13,5.346715e-06,6.017603e-13,5.671002e-18,0.000000e+00,0.000000e+00,0.000000e+00,0.000000e+00,0.000000e+00,0.000000e+00,1.000000e+00
8.650000e-14,9.999944e-01,5.443391e-67,8.734749e-24,6.690633e-13,5.632946e-06,6.690500e-13,6.652574e-18,0.000000e+00,0.000000e+00,0.000000e+00,0.000000e+00,0.000000e+00,0.000000e+00,1.000000e+00
9.100000e-14,9.999941e-01,8.549826e-67,1.069134e-23,7.398590e-13,5.918442e-06,7.398435e-13,7.740850e-18,0.000000e+00,0.000000e+00,0.000000e+00,0.000000e+00,0.000000e+00,0.000000e+00,1.000000e+00
9.550000e-14,9.999938e-01,1.325197e-66,1.295924e-23,8.141496e-13,6.203205e-06,8.141317e-13,8.941240e-18,0.000000e+00,0.000000e+00,0.000000e+00,0.000000e+00,0.000000e+00,0.000000e+00,1.000000e+00
1.000000e-13,9.999935e-01,2.005618e-66,1.556981e-23,8.919262e-13,6.487237e-06,8.919057e-13,1.025914e-17,0.000000e+00,0.000000e+00,0.000000e+00,0.000000e+00,0.000000e+00,0.000000e+00,1.000000e+00
1.450000e-13,9.999907e-01,5.617611e-65,6.844144e-23,1.859466e-12,9.287756e-06,1.859404e-12,3.107783e-17,0.000000e+00,0.000000e+00,0.000000e+00,0.000000e+00,0.000000e+00,0.000000e+00,1.000000e+00
1.900000e-13,9.999880e-01,6.330118e-64,2.007293e-22,3.165909e-12,1.201720e-05,3.165770e-12,6.947893e-17,0.000000e+00,0.000000e+00,0.000000e+00,0.000000e+00,0.000000e+00,0.000000e+00,1.000000e+00
2.350000e-13,9.999853e-01,4.231508e-63,4.673638e-22,4.802658e-12,1.467736e-05,4.802397e-12,1.306327e-16,0.000000e+00,0.000000e+00,0.000000e+00,0.000000e+00,0.000000e+00,0.000000e+00,1.000000e+00
2.800000e-13,9.999827e-01,2.022636e-62,9.371692e-22,6.761333e-12,1.727000e-05,6.760894e-12,2.195779e-16,0.000000e+00,0.000000e+00,0.000000e+00,0.000000e+00,0.000000e+00,0.000000e+00,1.000000e+00
3.250000e-13,9.999802e-01,7.612773e-62,1.692519e-21,9.033766e-12,1.979684e-05,9.033084e-12,3.412255e-16,0.000000e+00,0.000000e+00,0.000000e+00,0.000000e+00,0.000000e+00,0.000000e+00,1.000000e+00
3.700000e-13,9.999777e-01,2.416010e-61,2.828973e-21,1.161200e-11,2.225953e-05,1.161100e-11,5.003612e-16,0.000000e+00,0.000000e+00,0.000000e+00,0.000000e+00,0.000000e+00,0.000000e+00,1.000000e+00
4.150000e-13,9.999753e-01,6.721905e-61,4.454955e-21,1.448827e-11,2.465971e-05,1.448687e-11,7.016496e-16,0.000000e+00,0.000000e+00,0.000000e+00,0.000000e+00,0.000000e+00,0.000000e+00,1.000000e+00
4.600000e-13,9.999730e-01,1.684419e-60,6.691424e-21,1.765502e-11,2.699896e-05,1.765312e-11,9.496363e-16,0.000000e+00,0.000000e+00,0.000000e+00,0.000000e+00,0.000000e+00,0.000000e+00,1.000000e+00
5.050000e-13,9.999707e-01,3.868384e-60,9.671557e-21,2.110488e-11,2.927882e-05,2.110238e-11,1.248752e-15,0.000000e+00,0.000000e+00,0.000000e+00,0.000000e+00,0.000000e+00,0.000000e+00,1.000000e+00
5.500000e-13,9.999685e-01,8.259774e-60,1.354044e-20,2.483066e-11,3.150080e-05,2.482746e-11,1.603313e-15,0.000000e+00,0.000000e+00,0.000000e+00,0.000000e+00,0.000000e+00,0.000000e+00,1.000000e+00
5.950000e-13,9.999663e-01,1.659624e-59,1.845474e-20,2.882537e-11,3.366637e-05,2.882134e-11,2.017529e-15,0.000000e+00,0.000000e+00,0.000000e+00,0.000000e+00,0.000000e+00,0.000000e+00,1.000000e+00
6.400000e-13,9.999642e-01,3.167436e-59,2.458247e-20,3.308218e-11,3.577696e-05,3.307719e-11,2.495499e-15,0.000000e+00,0.000000e+00,0.000000e+00,0.000000e+00,0.000000e+00,0.000000e+00,1.000000e+00
6.850000e-13,9.999622e-01,5.782942e-59,3.210262e-20,3.759445e-11,3.783396e-05,3.758836e-11,3.041221e-15,0.000000e+00,0.000000e+00,0.000000e+00,0.000000e+00,0.000000e+00,0.000000e+00,1.000000e+00
7.300000e-13,9.999602e-01,1.015710e-58,4.120496e-20,4.235568e-11,3.983874e-05,4.234836e-11,3.658590e-15,0.000000e+00,0.000000e+00,0.000000e+00,0.000000e+00,0.000000e+00,0.000000e+00,1.000000e+00
7.750000e-13,9.999582e-01,1.724116e-58,5.208968e-20,4.735957e-11,4.179261e-05,4.735086e-11,4.351401e-15,0.000000e+00,0.000000e+00,0.000000e+00,0.000000e+00,0.000000e+00,0.000000e+00,1.000000e+00
8.200000e-13,9.999563e-01,2.839256e-58,6.496722e-20,5.259995e-11,4.369686e-05,5.258970e-11,5.123354e-15,0.000000e+00,0.000000e+00,0.000000e+00,0.000000e+00,0.000000e+00,0.000000e+00,1.000000e+00
8.650000e-13,9.999544e-01,4.550790e-58,8.005794e-20,5.807083e-11,4.555277e-05,5.805887e-11,5.978055e-15,0.000000e+00,0.000000e+00,0.000000e+00,0.000000e+00,0.000000e+00,0.000000e+00,1.000000e+00
9.100000e-13,9.999526e-01,7.118752e-58,9.759187e-20,6.376636e-11,4.736154e-05,6.375252e-11,6.919016e-15,0.000000e+00,0.000000e+00,0.000000e+00,0.000000e+00,0.000000e+00,0.000000e+00,1.000000e+00
9.550000e-13,9.999509e-01,1.089367e-57,1.178085e-19,6.968083e-11,4.912439e-05,6.966493e-11,7.949663e-15,0.000000e+00,0.000000e+00,0.000000e+00,0.000000e+00,0.000000e+00,0.000000e+00,1.000000e+00
1.000000e-12,9.999492e-01,1.634089e-57,1.409565e-19,7.580870e-11,5.084247e-05,7.579056e-11,9.073333e-15,0.000000e+00,0.000000e+00,0.000000e+00,0.000000e+00,0.000000e+00,0.000000e+00,1.000000e+00
1.450000e-12,9.999342e-01,4.243276e-56,5.945032e-19,1.476982e-10,6.579727e-05,1.476460e-10,2.610247e-14,0.000000e+00,0.000000e+00,0.000000e+00,0.000000e+00,0.000000e+00,0.000000e+00,1.000000e+00
1.900000e-12,9.999226e-01,4.440602e-55,1.674775e-18,2.357605e-10,7.735956e-05,2.356494e-10,5.553663e-14,0.000000e+00,0.000000e+00,0.000000e+00,0.000000e+00,0.000000e+00,0.000000e+00,1.000000e+00
2.350000e-12,9.999137e-01,2.770671e-54,3.750649e-18,3.363310e-10,8.629855e-05,3.361318e-10,9.957508e-14,0.000000e+00,0.000000e+00,0.000000e+00,0.000000e+00,0.000000e+00,0.000000e+00,1.000000e+00
2.800000e-12,9.999068e-01,1.237964e-53,7.243769e-18,4.465766e-10,9.320918e-05,4.462567e-10,1.599172e-13,0.000000e+00,0.000000e+00,0.000000e+00,0.000000e+00,0.000000e+00,0.000000e+00,1.000000e+00
3.250000e-12,9.999014e-01,4.380269e-53,1.261654e-17,5.643067e-10,9.855159e-05,5.638309e-10,2.378757e-13,0.000000e+00,0.000000e+00,0.000000e+00,0.000000e+00,0.000000e+00,0.000000e+00,1.000000e+00
3.700000e-12,9.998973e-01,1.304807e-52,2.036287e-17,6.878277e-10,1.026816e-04,6.871587e-10,3.344647e-13,0.000000e+00,0.000000e+00,0.000000e+00,0.000000e+00,0.000000e+00,0.000000e+00,1.000000e+00
4.150000e-12,9.998941e-01,3.405824e-52,3.100098e-17,8.158304e-10,1.058742e-04,8.149294e-10,4.504670e-13,0.000000e+00,0.000000e+00,0.000000e+00,0.000000e+00,0.000000e+00,0.000000e+00,1.000000e+00
4.600000e-12,9.998917e-01,8.007756e-52,4.506787e-17,9.473026e-10,1.083422e-04,9.461295e-10,5.864871e-13,0.000000e+00,0.000000e+00,0.000000e+00,0.000000e+00,0.000000e+00,0.000000e+00,1.000000e+00
5.050000e-12,9.998897e-01,1.729901e-51,6.311503e-17,1.081462e-09,1.102501e-04,1.079976e-09,7.429912e-13,0.000000e+00,0.000000e+00,0.000000e+00,0.000000e+00,0.000000e+00,0.000000e+00,1.000000e+00
5.500000e-12,9.998883e-01,3.484544e-51,8.570512e-17,1.217703e-09,1.117249e-04,1.215862e-09,9.203388e-13,0.000000e+00,0.000000e+00,0.000000e+00,0.000000e+00,0.000000e+00,0.000000e+00,1.000000e+00
5.950000e-12,9.998871e-01,6.618498e-51,1.134094e-16,1.355559e-09,1.128649e-04,1.353321e-09,1.118807e-12,0.000000e+00,0.000000e+00,0.000000e+00,0.000000e+00,0.000000e+00,0.000000e+00,1.000000e+00
6.400000e-12,9.998863e-01,1.195813e-50,1.468059e-16,1.494668e-09,1.137462e-04,1.491990e-09,1.338609e-12,0.000000e+00,0.000000e+00,0.000000e+00,0.000000e+00,0.000000e+00,0.000000e+00,1.000000e+00
6.850000e-12,9.998856e-01,2.069560e-50,1.864775e-16,1.634750e-09,1.144274e-04,1.631590e-09,1.579909e-12,0.000000e+00,0.000000e+00,0.000000e+00,0.000000e+00,0.000000e+00,0.000000e+00,1.000000e+00
7.300000e-12,9.998850e-01,3.450186e-50,2.330113e-16,1.775591e-09,1.149540e-04,1.771904e-09,1.842832e-12,0.000000e+00,0.000000e+00,0.000000e+00,0.000000e+00,0.000000e+00,0.000000e+00,1.000000e+00
7.750000e-12,9.998846e-01,5.566140e-50,2.869971e-16,1.917021e-09,1.153611e-04,1.912766e-09,2.127475e-12,0.000000e+00,0.000000e+00,0.000000e+00,0.000000e+00,0.000000e+00,0.000000e+00,1.000000e+00
8.200000e-12,9.998843e-01,8.723048e-50,3.490272e-16,2.058914e-09,1.156758e-04,2.054045e-09,2.433912e-12,0.000000e+00,0.000000e+00,0.000000e+00,0.000000e+00,0.000000e+00,0.000000e+00,1.000000e+00
8.650000e-12,9.998841e-01,1.332208e-49,4.196957e-16,2.201168e-09,1.159190e-04,2.195643e-09,2.762198e-12,0.000000e+00,0.000000e+00,0.000000e+00,0.000000e+00,0.000000e+00,0.000000e+00,1.000000e+00
9.100000e-12,9.998839e-01,1.988102e-49,4.995978e-16,2.343707e-09,1.161070e-04,2.337481e-09,3.112376e-12,0.000000e+00,0.000000e+00,0.000000e+00,0.000000e+00,0.000000e+00,0.000000e+00,1.000000e+00
9.550000e-12,9.998837e-01,2.905825e-49,5.893299e-16,2.486471e-09,1.162524e-04,2.479501e-09,3.484477e-12,0.000000e+00,0.000000e+00,0.000000e+00,0.000000e+00,0.000000e+00,0.000000e+00,1.000000e+00
1.000000e-11,9.998836e-01,4.167976e-49,6.894892e-16,2.629414e-09,1.163647e-04,2.621655e-09,3.878526e-12,0.000000e+00,0.000000e+00,0.000000e+00,0.000000e+00,0.000000e+00,0.000000e+00,1.000000e+00
1.450000e-11,9.998833e-01,7.301320e-48,2.396183e-15,4.063721e-09,1.167182e-04,4.045657e-09,9.028221e-12,0.000000e+00,0.000000e+00,0.000000e+00,0.000000e+00,0.000000e+00,0.000000e+00,1.000000e+00
1.900000e-11,9.998832e-01,5.566572e-47,5.803900e-15,5.501784e-09,1.167451e-04,5.469013e-09,1.637674e-11,0.000000e+00,0.000000e+00,0.000000e+00,0.000000e+00,0.000000e+00,0.000000e+00,1.000000e+00
2.350000e-11,9.998832e-01,2.672962e-46,1.151077e-14,6.942165e-09,1.167471e-04,6.890288e-09,2.592096e-11,0.000000e+00,0.000000e+00,0.000000e+00,0.000000e+00,0.000000e+00,0.000000e+00,1.000000e+00
2.800000e-11,9.998832e-01,9.571509e-46,2.011393e-14,8.384753e-09,1.167473e-04,8.309379e-09,3.765694e-11,0.000000e+00,0.000000e+00,0.000000e+00,0.000000e+00,0.000000e+00,0.000000e+00,1.000000e+00
3.250000e-11,9.998832e-01,2.799422e-45,3.220941e-14,9.829536e-09,1.167473e-04,9.726278e-09,5.158072e-11,0.000000e+00,0.000000e+00,0.000000e+00,0.000000e+00,0.000000e+00,0.000000e+00,1.000000e+00
3.700000e-11,9.998832e-01,7.062016e-45,4.839220e-14,1.127651e-08,1.167473e-04,1.114099e-08,6.768830e-11,0.000000e+00,0.000000e+00,0.000000e+00,0.000000e+00,0.000000e+00,0.000000e+00,1.000000e+00
4.150000e-11,9.998832e-01,1.591640e-44,6.925616e-14,1.272568e-08,1.167473e-04,1.255352e-08,8.597571e-11,0.000000e+00,0.000000e+00,0.000000e+00,0.000000e+00,0.000000e+00,0.000000e+00,1.000000e+00
4.600000e-11,9.998832e-01,3.282764e-44,9.539411e-14,1.417703e-08,1.167473e-04,1.396386e-08,1.064390e-10,0.000000e+00,0.000000e+00,0.000000e+00,0.000000e+00,0.000000e+00,0.000000e+00,1.000000e+00
5.050000e-11,9.998832e-01,6.303049e-44,1.273978e-13,1.563056e-08,1.167473e-04,1.537203e-08,1.290742e-10,0.000000e+00,0.000000e+00,0.000000e+00,0.000000e+00,0.000000e+00,0.000000e+00,1.000000e+00
5.500000e-11,9.998832e-01,1.140910e-43,1.658578e-13,1.708628e-08,1.167473e-04,1.677802e-08,1.538774e-10,0.000000e+00,0.000000e+00,0.000000e+00,0.000000e+00,0.000000e+00,0.000000e+00,1.000000e+00
5.950000e-11,9.998832e-01,1.965588e-43,2.113637e-13,1.854417e-08,1.167473e-04,1.818185e-08,1.808445e-10,0.000000e+00,0.000000e+00,0.000000e+00,0.000000e+00,0.000000e+00,0.000000e+00,1.000000e+00
6.400000e-11,9.998832e-01,3.247199e-43,2.645041e-13,2.000424e-08,1.167473e-04,1.958350e-08,2.099718e-10,0.000000e+00,0.000000e+00,0.000000e+00,0.000000e+00,0.000000e+00,0.000000e+00,1.000000e+00
6.850000e-11,9.998832e-01,5.174329e-43,3.258663e-13,2.146648e-08,1.167473e-04,2.098299e-08,2.412551e-10,0.000000e+00,0.000000e+00,0.000000e+00,0.000000e+00,0.000000e+00,0.000000e+00,1.000000e+00
7.300000e-11,9.998832e-01,7.990514e-43,3.960367e-13,2.293089e-08,1.167473e-04,2.238032e-08,2.746907e-10,0.000000e+00,0.000000e+00,0.000000e+00,0.000000e+00,0.000000e+00,0.000000e+00,1.000000e+00
7.750000e-11,9.998832e-01,1.200454e-42,4.756006e-13,2.439747e-08,1.167473e-04,2.377549e-08,3.102746e-10,0.000000e+00,0.000000e+00,0.000000e+00,0.000000e+00,0.000000e+00,0.000000e+00,1.000000e+00
8.200000e-11,9.998832e-01,1.760475e-42,5.651422e-13,2.586621e-08,1.167473e-04,2.516851e-08,3.480028e-10,0.000000e+00,0.000000e+00,0.000000e+00,0.000000e+00,0.000000e+00,0.000000e+00,1.000000e+00
8.650000e-11,9.998832e-01,2.526804e-42,6.652447e-13,2.733712e-08,1.167473e-04,2.655938e-08,3.878715e-10,0.000000e+00,0.000000e+00,0.000000e+00,0.000000e+00,0.000000e+00,0.000000e+00,1.000000e+00
9.100000e-11,9.998832e-01,3.557334e-42,7.764902e-13,2.881018e-08,1.167473e-04,2.794810e-08,4.298767e-10,0.000000e+00,0.000000e+00,0.000000e+00,0.000000e+00,0.000000e+00,0.000000e+00,1.000000e+00
9.550000e-11,9.998832e-01,4.920825e-42,8.994597e-13,3.028540e-08,1.167473e-04,2.933467e-08,4.740146e-10,0.000000e+00,0.000000e+00,0.000000e+00,0.000000e+00,0.000000e+00,0.000000e+00,1.000000e+00
1.000000e-10,9.998832e-01,6.699845e-42,1.034733e-12,3.176277e-08,1.167473e-04,3.071910e-08,5.202813e-10,0.000000e+00,0.000000e+00,0.000000e+00,0.000000e+00,0.000000e+00,0.000000e+00,1.000000e+00
1.450000e-10,9.998832e-01,7.892214e-41,3.191025e-12,4.665433e-08,1.167472e-04,4.444640e-08,1.099178e-09,0.000000e+00,0.000000e+00,0.000000e+00,0.000000e+00,0.000000e+00,0.000000e+00,1.000000e+00
1.900000e-10,9.998831e-01,4.553215e-40,7.207878e-12,6.175824e-08,1.167472e-04,5.796319e-08,1.886717e-09,0.000000e+00,0.000000e+00,0.000000e+00,0.000000e+00,0.000000e+00,0.000000e+00,1.000000e+00
2.350000e-10,9.998831e-01,1.779172e-39,1.364804e-11,7.707186e-08,1.167472e-04,7.127270e-08,2.879107e-09,0.000000e+00,0.000000e+00,0.000000e+00,0.000000e+00,0.000000e+00,0.000000e+00,1.000000e+00
2.800000e-10,9.998831e-01,5.385853e-39,2.306401e-11,9.259254e-08,1.167472e-04,8.437811e-08,4.072616e-09,0.000000e+00,0.000000e+00,0.000000e+00,0.000000e+00,0.000000e+00,0.000000e+00,1.000000e+00
3.250000e-10,9.998830e-01,1.370482e-38,3.599821e-11,1.083177e-07,1.167472e-04,9.728256e-08,5.463573e-09,0.000000e+00,0.000000e+00,0.000000e+00,0.000000e+00,0.000000e+00,0.000000e+00,1.000000e+00
3.700000e-10,9.998830e-01,3.076116e-38,5.298314e-11,1.242448e-07,1.167471e-04,1.099891e-07,7.048364e-09,0.000000e+00,0.000000e+00,0.000000e+00,0.000000e+00,0.000000e+00,0.000000e+00,1.000000e+00
4.150000e-10,9.998830e-01,6.269916e-38,7.454156e-11,1.403713e-07,1.167471e-04,1.225008e-07,8.823430e-09,0.000000e+00,0.000000e+00,0.000000e+00,0.000000e+00,0.000000e+00,0.000000e+00,1.000000e+00
4.600000e-10,9.998830e-01,1.183336e-37,1.011866e-10,1.566948e-07,1.167471e-04,1.348207e-07,1.078527e-08,0.000000e+00,0.000000e+00,0.000000e+00,0.000000e+00,0.000000e+00,0.000000e+00,1.000000e+00
5.050000e-10,9.998829e-01,2.099551e-37,1.334220e-10,1.732127e-07,1.167471e-04,1.469516e-07,1.293044e-08,0.000000e+00,0.000000e+00,0.000000e+00,0.000000e+00,0.000000e+00,0.000000e+00,1.000000e+00
5.500000e-10,9.998829e-01,3.537567e-37,1.717421e-10,1.899228e-07,1.167470e-04,1.588965e-07,1.525555e-08,0.000000e+00,0.000000e+00,0.000000e+00,0.000000e+00,0.000000e+00,0.000000e+00,1.000000e+00
5.950000e-10,9.998829e-01,5.711141e-37,2.166321e-10,2.068226e-07,1.167470e-04,1.706582e-07,1.775726e-08,0.000000e+00,0.000000e+00,0.000000e+00,0.000000e+00,0.000000e+00,0.000000e+00,1.000000e+00
6.400000e-10,9.998828e-01,8.888560e-37,2.685683e-10,2.239098e-07,1.167470e-04,1.822395e-07,2.043228e-08,0.000000e+00,0.000000e+00,0.000000e+00,0.000000e+00,0.000000e+00,0.000000e+00,1.000000e+00
6.850000e-10,9.998828e-01,1.340663e-36,3.280180e-10,2.411821e-07,1.167469e-04,1.936433e-07,2.327739e-08,0.000000e+00,0.000000e+00,0.000000e+00,0.000000e+00,0.000000e+00,0.000000e+00,1.000000e+00
7.300000e-10,9.998828e-01,1.967629e-36,3.954399e-10,2.586372e-07,1.167469e-04,2.048722e-07,2.628939e-08,0.000000e+00,0.000000e+00,0.000000e+00,0.000000e+00,0.000000e+00,0.000000e+00,1.000000e+00
7.750000e-10,9.998827e-01,2.819327e-36,4.712839e-10,2.762730e-07,1.167469e-04,2.159288e-07,2.946516e-08,0.000000e+00,0.000000e+00,0.000000e+00,0.000000e+00,0.000000e+00,0.000000e+00,1.000000e+00
8.200000e-10,9.998827e-01,3.954971e-36,5.559916e-10,2.940872e-07,1.167469e-04,2.268160e-07,3.280162e-08,0.000000e+00,0.000000e+00,0.000000e+00,0.000000e+00,0.000000e+00,0.000000e+00,1.000000e+00
8.650000e-10,9.998827e-01,5.443832e-36,6.499962e-10,3.120776e-07,1.167468e-04,2.375361e-07,3.629573e-08,0.000000e+00,0.000000e+00,0.000000e+00,0.000000e+00,0.000000e+00,0.000000e+00,1.000000e+00
9.100000e-10,9.998826e-01,7.367721e-36,7.537228e-10,3.302421e-07,1.167468e-04,2.480919e-07,3.994450e-08,0.000000e+00,0.000000e+00,0.000000e+00,0.000000e+00,0.000000e+00,0.000000e+00,1.000000e+00
9.550000e-10,9.998826e-01,9.821549e-36,8.675882e-10,3.485786e-07,1.167468e-04,2.584858e-07,4.374501e-08,0.000000e+00,0.000000e+00,0.000000e+00,0.000000e+00,0.000000e+00,0.000000e+00,1.000000e+00
1.000000e-09,9.998826e-01,1.291158e-35,9.920016e-10,3.670851e-07,1.167468e-04,2.687204e-07,4.769436e-08,0.000000e+00,0.000000e+00,0.000000e+00,0.000000e+00,0.000000e+00,0.000000e+00,1.000000e+00
1.450000e-09,9.998822e-01,1.143904e-34,2.900844e-09,5.610607e-07,1.167465e-04,3.628187e-07,9.476971e-08,0.000000e+00,0.000000e+00,0.000000e+00,0.000000e+00,0.000000e+00,0.000000e+00,1.000000e+00
1.900000e-09,9.998819e-01,5.433318e-34,6.260150e-09,7.699597e-07,1.167461e-04,4.434432e-07,1.538680e-07,0.000000e+00,0.000000e+00,0.000000e+00,0.000000e+00,0.000000e+00,0.000000e+00,1.000000e+00
2.350000e-09,9.998815e-01,1.813844e-33,1.136608e-08,9.921491e-07,1.167458e-04,5.125231e-07,2.227639e-07,0.000000e+00,0.000000e+00,0.000000e+00,0.000000e+00,0.000000e+00,0.000000e+00,1.000000e+00
2.800000e-09,9.998811e-01,4.826823e-33,1.845885e-08,1.226216e-06,1.167454e-04,5.717113e-07,2.995641e-07,0.000000e+00,0.000000e+00,0.000000e+00,0.000000e+00,0.000000e+00,0.000000e+00,1.000000e+00
3.250000e-09,9.998808e-01,1.096767e-32,2.773112e-08,1.470936e-06,1.167450e-04,6.224242e-07,3.826596e-07,0.000000e+00,0.000000e+00,0.000000e+00,0.000000e+00,0.000000e+00,0.000000e+00,1.000000e+00
3.700000e-09,9.998804e-01,2.218538e-32,3.933514e-08,1.725249e-06,1.167447e-04,6.658753e-07,4.706846e-07,0.000000e+00,0.000000e+00,0.000000e+00,0.000000e+00,0.000000e+00,0.000000e+00,1.000000e+00
4.150000e-09,9.998799e-01,4.105134e-32,5.338891e-08,1.988233e-06,1.167443e-04,7.031044e-07,5.624814e-07,0.000000e+00,0.000000e+00,0.000000e+00,0.000000e+00,0.000000e+00,0.000000e+00,1.000000e+00
4.600000e-09,9.998795e-01,7.079855e-32,6.998136e-08,2.259085e-06,1.167438e-04,7.350024e-07,6.570700e-07,0.000000e+00,0.000000e+00,0.000000e+00,0.000000e+00,0.000000e+00,0.000000e+00,1.000000e+00
5.050000e-09,9.998791e-01,1.153428e-31,8.917692e-08,2.537107e-06,1.167434e-04,7.623326e-07,7.536227e-07,0.000000e+00,0.000000e+00,0.000000e+00,0.000000e+00,0.000000e+00,0.000000e+00,1.000000e+00
5.500000e-09,9.998787e-01,1.792885e-31,1.110193e-07,2.821688e-06,1.167430e-04,7.857491e-07,8.514419e-07,0.000000e+00,0.000000e+00,0.000000e+00,0.000000e+00,0.000000e+00,0.000000e+00,1.000000e+00
5.950000e-09,9.998783e-01,2.679211e-31,1.355347e-07,3.112295e-06,1.167426e-04,8.058121e-07,9.499407e-07,0.000000e+00,0.000000e+00,0.000000e+00,0.000000e+00,0.000000e+00,0.000000e+00,1.000000e+00
6.400000e-09,9.998778e-01,3.871897e-31,1.627347e-07,3.408457e-06,1.167421e-04,8.230020e-07,1.048628e-06,0.000000e+00,0.000000e+00,0.000000e+00,0.000000e+00,0.000000e+00,0.000000e+00,1.000000e+00
6.850000e-09,9.998774e-01,5.436807e-31,1.926187e-07,3.709765e-06,1.167417e-04,8.377299e-07,1.147092e-06,0.000000e+00,0.000000e+00,0.000000e+00,0.000000e+00,0.000000e+00,0.000000e+00,1.000000e+00
7.300000e-09,9.998769e-01,7.445858e-31,2.251759e-07,4.015853e-06,1.167412e-04,8.503486e-07,1.244991e-06,0.000000e+00,0.000000e+00,0.000000e+00,0.000000e+00,0.000000e+00,0.000000e+00,1.000000e+00
7.750000e-09,9.998765e-01,9.976655e-31,2.603869e-07,4.326401e-06,1.167408e-04,8.611599e-07,1.342044e-06,0.000000e+00,0.000000e+00,0.000000e+00,0.000000e+00,0.000000e+00,0.000000e+00,1.000000e+00
8.200000e-09,9.998760e-01,1.311209e-30,2.982254e-07,4.641124e-06,1.167403e-04,8.704227e-07,1.438017e-06,0.000000e+00,0.000000e+00,0.000000e+00,0.000000e+00,0.000000e+00,0.000000e+00,1.000000e+00
8.650000e-09,9.998756e-01,1.693996e-30,3.386593e-07,4.959767e-06,1.167398e-04,8.783587e-07,1.532720e-06,0.000000e+00,0.000000e+00,0.000000e+00,0.000000e+00,0.000000e+00,0.000000e+00,1.000000e+00
9.100000e-09,9.998751e-01,2.155249e-30,3.816519e-07,5.282104e-06,1.167394e-04,8.851578e-07,1.626002e-06,0.000000e+00,0.000000e+00,0.000000e+00,0.000000e+00,0.000000e+00,0.000000e+00,1.000000e+00
9.550000e-09,9.998746e-01,2.704599e-30,4.271628e-07,5.607932e-06,1.167389e-04,8.909829e-07,1.717738e-06,0.000000e+00,0.000000e+00,0.000000e+00,0.000000e+00,0.000000e+00,0.000000e+00,1.000000e+00
1.000000e-08,9.998741e-01,3.352039e-30,4.751485e-07,5.937069e-06,1.167384e-04,8.959734e-07,1.807834e-06,0.000000e+00,0.000000e+00,0.000000e+00,0.000000e+00,0.000000e+00,0.000000e+00,1.000000e+00
1.450000e-08,9.998693e-01,1.760604e-29,1.080515e-06,9.380277e-06,1.167335e-04,9.194479e-07,2.609673e-06,0.000000e+00,0.000000e+00,0.000000e+00,0.000000e+00,0.000000e+00,0.000000e+00,1.000000e+00
1.900000e-08,9.998642e-01,5.407095e-29,1.879787e-06,1.303571e-05,1.167285e-04,9.244226e-07,3.236038e-06,0.000000e+00,0.000000e+00,0.000000e+00,0.000000e+00,0.000000e+00,0.000000e+00,1.000000e+00
2.350000e-08,9.998590e-01,1.242447e-28,2.828911e-06,1.684474e-05,1.167234e-04,9.254516e-07,3.716428e-06,0.000000e+00,0.000000e+00,0.000000e+00,0.000000e+00,0.000000e+00,0.000000e+00,1.000000e+00
2.800000e-08,9.998536e-01,2.387024e-28,3.892623e-06,2.076898e-05,1.167181e-04,9.256387e-07,4.083000e-06,0.000000e+00,0.000000e+00,0.000000e+00,0.000000e+00,0.000000e+00,0.000000e+00,1.000000e+00
3.250000e-08,9.998482e-01,4.066925e-28,5.043699e-06,2.478053e-05,1.167129e-04,9.256458e-07,4.362317e-06,0.000000e+00,0.000000e+00,0.000000e+00,0.000000e+00,0.000000e+00,0.000000e+00,1.000000e+00
3.700000e-08,9.998427e-01,6.361472e-28,6.261323e-06,2.885842e-05,1.167076e-04,9.256142e-07,4.575051e-06,0.000000e+00,0.000000e+00,0.000000e+00,0.000000e+00,0.000000e+00,0.000000e+00,1.000000e+00
4.150000e-08,9.998371e-01,9.338587e-28,7.529626e-06,3.298673e-05,1.167022e-04,9.255742e-07,4.737042e-06,0.000000e+00,0.000000e+00,0.000000e+00,0.000000e+00,0.000000e+00,0.000000e+00,1.000000e+00
4.600000e-08,9.998315e-01,1.305701e-27,8.836513e-06,3.715336e-05,1.166968e-04,9.255323e-07,4.860376e-06,0.000000e+00,0.000000e+00,0.000000e+00,0.000000e+00,0.000000e+00,0.000000e+00,1.000000e+00
5.050000e-08,9.998259e-01,1.756840e-27,1.017277e-05,4.134908e-05,1.166915e-04,9.254897e-07,4.954265e-06,0.000000e+00,0.000000e+00,0.000000e+00,0.000000e+00,0.000000e+00,0.000000e+00,1.000000e+00
5.500000e-08,9.998203e-01,2.291918e-27,1.153139e-05,4.556687e-05,1.166861e-04,9.254470e-07,5.025723e-06,0.000000e+00,0.000000e+00,0.000000e+00,0.000000e+00,0.000000e+00,0.000000e+00,1.000000e+00
5.950000e-08,9.998146e-01,2.915198e-27,1.290702e-05,4.980138e-05,1.166806e-04,9.254041e-07,5.080096e-06,0.000000e+00,0.000000e+00,0.000000e+00,0.000000e+00,0.000000e+00,0.000000e+00,1.000000e+00
6.400000e-08,9.998089e-01,3.630677e-27,1.429558e-05,5.404853e-05,1.166752e-04,9.253612e-07,5.121454e-06,0.000000e+00,0.000000e+00,0.000000e+00,0.000000e+00,0.000000e+00,0.000000e+00,1.000000e+00
6.850000e-08,9.998033e-01,4.442168e-27,1.569399e-05,5.830521e-05,1.166698e-04,9.253182e-07,5.152900e-06,0.000000e+00,0.000000e+00,0.000000e+00,0.000000e+00,0.000000e+00,0.000000e+00,1.000000e+00
7.300000e-08,9.997976e-01,5.353364e-27,1.709987e-05,6.256907e-05,1.166644e-04,9.252752e-07,5.176794e-06,0.000000e+00,0.000000e+00,0.000000e+00,0.000000e+00,0.000000e+00,0.000000e+00,1.000000e+00
7.750000e-08,9.997919e-01,6.367881e-27,1.851143e-05,6.683829e-05,1.166589e-04,9.252321e-07,5.194937e-06,0.000000e+00,0.000000e+00,0.000000e+00,0.000000e+00,0.000000e+00,0.000000e+00,1.000000e+00
8.200000e-08,9.997862e-01,7.489285e-27,1.992730e-05,7.111151e-05,1.166535e-04,9.251890e-07,5.208698e-06,0.000000e+00,0.000000e+00,0.000000e+00,0.000000e+00,0.000000e+00,0.000000e+00,1.000000e+00
8.650000e-08,9.997805e-01,8.721120e-27,2.134643e-05,7.538768e-05,1.166481e-04,9.251459e-07,5.219122e-06,0.000000e+00,0.000000e+00,0.000000e+00,0.000000e+00,0.000000e+00,0.000000e+00,1.000000e+00
9.100000e-08,9.997748e-01,1.006691e-26,2.276802e-05,7.966600e-05,1.166426e-04,9.251028e-07,5.227004e-06,0.000000e+00,0.000000e+00,0.000000e+00,0.000000e+00,0.000000e+00,0.000000e+00,1.000000e+00
9.550000e-08,9.997691e-01,1.153019e-26,2.419148e-05,8.394587e-05,1.166372e-04,9.250597e-07,5.232950e-06,0.000000e+00,0.000000e+00,0.000000e+00,0.000000e+00,0.000000e+00,0.000000e+00,1.000000e+00
1.000000e-07,9.997634e-01,1.311449e-26,2.561634e-05,8.822682e-05,1.166318e-04,9.250165e-07,5.237421e-06,0.000000e+00,0.000000e+00,0.000000e+00,0.000000e+00,0.000000e+00,0.000000e+00,1.000000e+00
1.450000e-07,9.997063e-01,3.639414e-26,3.989387e-05,1.310478e-04,1.165774e-04,9.245853e-07,5.249061e-06,0.000000e+00,0.000000e+00,0.000000e+00,0.000000e+00,0.000000e+00,0.000000e+00,1.000000e+00
1.900000e-07,9.996493e-01,7.570166e-26,5.417708e-05,1.738424e-04,1.165231e-04,9.241546e-07,5.247548e-06,0.000000e+00,0.000000e+00,0.000000e+00,0.000000e+00,0.000000e+00,0.000000e+00,1.000000e+00
2.350000e-07,9.995923e-01,1.346415e-25,6.845368e-05,2.165983e-04,1.164688e-04,9.237243e-07,5.245176e-06,0.000000e+00,0.000000e+00,0.000000e+00,0.000000e+00,0.000000e+00,0.000000e+00,1.000000e+00
2.800000e-07,9.995354e-01,2.168334e-25,8.272288e-05,2.593149e-04,1.164147e-04,9.232946e-07,5.242753e-06,0.000000e+00,0.000000e+00,0.000000e+00,0.000000e+00,0.000000e+00,0.000000e+00,1.000000e+00
3.250000e-07,9.994785e-01,3.259073e-25,9.698463e-05,3.019921e-04,1.163605e-04,9.228654e-07,5.240331e-06,0.000000e+00,0.000000e+00,0.000000e+00,0.000000e+00,0.000000e+00,0.000000e+00,1.000000e+00
3.700000e-07,9.994217e-01,4.655031e-25,1.112389e-04,3.446299e-04,1.163065e-04,9.224367e-07,5.237914e-06,0.000000e+00,0.000000e+00,0.000000e+00,0.000000e+00,0.000000e+00,0.000000e+00,1.000000e+00
4.150000e-07,9.993649e-01,6.392707e-25,1.254858e-04,3.872283e-04,1.162525e-04,9.220085e-07,5.235503e-06,0.000000e+00,0.000000e+00,0.000000e+00,0.000000e+00,0.000000e+00,0.000000e+00,1.000000e+00
4.600000e-07,9.993081e-01,8.508710e-25,1.397253e-04,4.297875e-04,1.161986e-04,9.215808e-07,5.233098e-06,0.000000e+00,0.000000e+00,0.000000e+00,0.000000e+00,0.000000e+00,0.000000e+00,1.000000e+00
5.050000e-07,9.992514e-01,1.103974e-24,1.539573e-04,4.723074e-04,1.161447e-04,9.211537e-07,5.230697e-06,0.000000e+00,0.000000e+00,0.000000e+00,0.000000e+00,0.000000e+00,0.000000e+00,1.000000e+00
5.500000e-07,9.991948e-01,1.402259e-24,1.681819e-04,5.147881e-04,1.160910e-04,9.207270e-07,5.228303e-06,0.000000e+00,0.000000e+00,0.000000e+00,0.000000e+00,0.000000e+00,0.000000e+00,1.000000e+00
5.950000e-07,9.991382e-01,1.749416e-24,1.823992e-04,5.572296e-04,1.160372e-04,9.203009e-07,5.225914e-06,0.000000e+00,0.000000e+00,0.000000e+00,0.000000e+00,0.000000e+00,0.000000e+00,1.000000e+00
6.400000e-07,9.990816e-01,2.149139e-24,1.966090e-04,5.996320e-04,1.159836e-04,9.198753e-07,5.223530e-06,0.000000e+00,0.000000e+00,0.000000e+00,0.000000e+00,0.000000e+00,0.000000e+00,1.000000e+00
6.850000e-07,9.990251e-01,2.605139e-24,2.108115e-04,6.419952e-04,1.159300e-04,9.194502e-07,5.221152e-06,0.000000e+00,0.000000e+00,0.000000e+00,0.000000e+00,0.000000e+00,0.000000e+00,1.000000e+00
7.300000e-07,9.989687e-01,3.121136e-24,2.250066e-04,6.843195e-04,1.158764e-04,9.190255e-07,5.218779e-06,0.000000e+00,0.000000e+00,0.000000e+00,0.000000e+00,0.000000e+00,0.000000e+00,1.000000e+00
7.750000e-07,9.989122e-01,3.700855e-24,2.391943e-04,7.266047e-04,1.158230e-04,9.186014e-07,5.216412e-06,0.000000e+00,0.000000e+00,0.000000e+00,0.000000e+00,0.000000e+00,0.000000e+00,1.000000e+00
8.200000e-07,9.988559e-01,4.348036e-24,2.533747e-04,7.688510e-04,1.157696e-04,9.181779e-07,5.214050e-06,0.000000e+00,0.000000e+00,0.000000e+00,0.000000e+00,0.000000e+00,0.000000e+00,1.000000e+00
8.650000e-07,9.987995e-01,5.066436e-24,2.675478e-04,8.110583e-04,1.157162e-04,9.177548e-07,5.211694e-06,0.000000e+00,0.000000e+00,0.000000e+00,0.000000e+00,0.000000e+00,0.000000e+00,1.000000e+00
9.100000e-07,9.987433e-01,5.859798e-24,2.817135e-04,8.532267e-04,1.156629e-04,9.173322e-07,5.209343e-06,0.000000e+00,0.000000e+00,0.000000e+00,0.000000e+00,0.000000e+00,0.000000e+00,1.000000e+00
9.550000e-07,9.986870e-01,6.731904e-24,2.958719e-04,8.953563e-04,1.156097e-04,9.169101e-07,5.206997e-06,0.000000e+00,0.000000e+00,0.000000e+00,0.000000e+00,0.000000e+00,0.000000e+00,1.000000e+00
1.000000e-06,9.986309e-01,7.686518e-24,3.100230e-04,9.374470e-04,1.155566e-04,9.164885e-07,5.204657e-06,0.000000e+00,0.000000e+00,0.000000e+00,0.000000e+00,0.000000e+00,0.000000e+00,1.000000e+00
1.450000e-06,9.980715e-01,2.260891e-23,4.511336e-04,1.356229e-03,1.150285e-04,9.123003e-07,5.181551e-06,0.000000e+00,0.000000e+00,0.000000e+00,0.000000e+00,0.000000e+00,0.000000e+00,1.000000e+00
1.900000e-06,9.975167e-01,5.001127e-23,5.915229e-04,1.771173e-03,1.145067e-04,9.081614e-07,5.158976e-06,0.000000e+00,0.000000e+00,0.000000e+00,0.000000e+00,0.000000e+00,0.000000e+00,1.000000e+00
2.350000e-06,9.969664e-01,9.383416e-23,7.311998e-04,2.182320e-03,1.139910e-04,9.040711e-07,5.136926e-06,0.000000e+00,0.000000e+00,0.000000e+00,0.000000e+00,0.000000e+00,0.000000e+00,1.000000e+00
2.800000e-06,9.964206e-01,1.581170e-22,8.701731e-04,2.589708e-03,1.134814e-04,9.000285e-07,5.115392e-06,0.000000e+00,0.000000e+00,0.000000e+00,0.000000e+00,0.000000e+00,0.000000e+00,1.000000e+00
3.250000e-06,9.958792e-01,2.469983e-22,1.008451e-03,2.993377e-03,1.129776e-04,8.960329e-07,5.094366e-06,0.000000e+00,0.000000e+00,0.000000e+00,0.000000e+00,0.000000e+00,0.000000e+00,1.000000e+00
3.700000e-06,9.953421e-01,3.647160e-22,1.146043e-03,3.393366e-03,1.124797e-04,8.920835e-07,5.073842e-06,0.000000e+00,0.000000e+00,0.000000e+00,0.000000e+00,0.000000e+00,0.000000e+00,1.000000e+00
4.150000e-06,9.948094e-01,5.156071e-22,1.282956e-03,3.789714e-03,1.119875e-04,8.881795e-07,5.053812e-06,0.000000e+00,0.000000e+00,0.000000e+00,0.000000e+00,0.000000e+00,0.000000e+00,1.000000e+00
4.600000e-06,9.942809e-01,7.041083e-22,1.419199e-03,4.182457e-03,1.115009e-04,8.843201e-07,5.034269e-06,0.000000e+00,0.000000e+00,0.000000e+00,0.000000e+00,0.000000e+00,0.000000e+00,1.000000e+00
5.050000e-06,9.937567e-01,9.347561e-22,1.554780e-03,4.571636e-03,1.110199e-04,8.805048e-07,5.015206e-06,0.000000e+00,0.000000e+00,0.000000e+00,0.000000e+00,0.000000e+00,0.000000e+00,1.000000e+00
5.500000e-06,9.932366e-01,1.212186e-21,1.689707e-03,4.957286e-03,1.105443e-04,8.767326e-07,4.996616e-06,0.000000e+00,0.000000e+00,0.000000e+00,0.000000e+00,0.000000e+00,0.000000e+00,1.000000e+00
5.950000e-06,9.927206e-01,1.541135e-21,1.823987e-03,5.339446e-03,1.100741e-04,8.730029e-07,4.978491e-06,0.000000e+00,0.000000e+00,0.000000e+00,0.000000e+00,0.000000e+00,0.000000e+00,1.000000e+00
6.400000e-06,9.922088e-01,1.926439e-21,1.957629e-03,5.718153e-03,1.096092e-04,8.693151e-07,4.960826e-06,0.000000e+00,0.000000e+00,0.000000e+00,0.000000e+00,0.000000e+00,0.000000e+00,1.000000e+00
6.850000e-06,9.917010e-01,2.373032e-21,2.090639e-03,6.093443e-03,1.091494e-04,8.656685e-07,4.943614e-06,0.000000e+00,0.000000e+00,0.000000e+00,0.000000e+00,0.000000e+00,0.000000e+00,1.000000e+00
7.300000e-06,9.911971e-01,2.885951e-21,2.223025e-03,6.465353e-03,1.086948e-04,8.620623e-07,4.926847e-06,0.000000e+00,0.000000e+00,0.000000e+00,0.000000e+00,0.000000e+00,0.000000e+00,1.000000e+00
7.750000e-06,9.906973e-01,3.470333e-21,2.354795e-03,6.833919e-03,1.082451e-04,8.584959e-07,4.910521e-06,0.000000e+00,0.000000e+00,0.000000e+00,0.000000e+00,0.000000e+00,0.000000e+00,1.000000e+00
8.200000e-06,9.902013e-01,4.131412e-21,2.485955e-03,7.199178e-03,1.078004e-04,8.549688e-07,4.894627e-06,0.000000e+00,0.000000e+00,0.000000e+00,0.000000e+00,0.000000e+00,0.000000e+00,1.000000e+00
8.650000e-06,9.897092e-01,4.874526e-21,2.616512e-03,7.561163e-03,1.073606e-04,8.514802e-07,4.879161e-06,0.000000e+00,0.000000e+00,0.000000e+00,0.000000e+00,0.000000e+00,0.000000e+00,1.000000e+00
9.100000e-06,9.892210e-01,5.705111e-21,2.746474e-03,7.919912e-03,1.069256e-04,8.480295e-07,4.864116e-06,0.000000e+00,0.000000e+00,0.000000e+00,0.000000e+00,0.000000e+00,0.000000e+00,1.000000e+00
9.550000e-06,9.887365e-01,6.628703e-21,2.875847e-03,8.275458e-03,1.064952e-04,8.446162e-07,4.849485e-06,0.000000e+00,0.000000e+00,0.000000e+00,0.000000e+00,0.000000e+00,0.000000e+00,1.000000e+00
1.000000e-05,9.882558e-01,7.650940e-21,3.004638e-03,8.627837e-03,1.060695e-04,8.412397e-07,4.835264e-06,0.000000e+00,0.000000e+00,0.000000e+00,0.000000e+00,0.000000e+00,0.000000e+00,1.000000e+00
1.450000e-05,9.836457e-01,2.461052e-20,4.261918e-03,1.198478e-02,1.020519e-04,8.093735e-07,4.714308e-06,0.000000e+00,0.000000e+00,0.000000e+00,0.000000e+00,0.000000e+00,0.000000e+00,1.000000e+00
1.900000e-05,9.793680e-01,5.837857e-20,5.467570e-03,1.506063e-02,9.842541e-05,7.806093e-07,4.628388e-06,0.000000e+00,0.000000e+00,0.000000e+00,0.000000e+00,0.000000e+00,0.000000e+00,1.000000e+00
2.350000e-05,9.753881e-01,1.162404e-19,6.626736e-03,1.788466e-02,9.513513e-05,7.545123e-07,4.572938e-06,0.000000e+00,0.000000e+00,0.000000e+00,0.000000e+00,0.000000e+00,0.000000e+00,1.000000e+00
2.800000e-05,9.716757e-01,2.064710e-19,7.743825e-03,2.048308e-02,9.213552e-05,7.307211e-07,4.544068e-06,0.000000e+00,0.000000e+00,0.000000e+00,0.000000e+00,0.000000e+00,0.000000e+00,1.000000e+00
3.250000e-05,9.682036e-01,3.383254e-19,8.822640e-03,2.287916e-02,8.938854e-05,7.089337e-07,4.538458e-06,0.000000e+00,0.000000e+00,0.000000e+00,0.000000e+00,0.000000e+00,0.000000e+00,1.000000e+00
3.700000e-05,9.649479e-01,5.220269e-19,9.866482e-03,2.509355e-02,8.686224e-05,6.888968e-07,4.553266e-06,0.000000e+00,0.000000e+00,0.000000e+00,0.000000e+00,0.000000e+00,0.000000e+00,1.000000e+00
4.150000e-05,9.618875e-01,7.687570e-19,1.087823e-02,2.714447e-02,8.452970e-05,6.703970e-07,4.586060e-06,0.000000e+00,0.000000e+00,0.000000e+00,0.000000e+00,0.000000e+00,0.000000e+00,1.000000e+00
4.600000e-05,9.590039e-01,1.090644e-18,1.186040e-02,2.904805e-02,8.236812e-05,6.532532e-07,4.634744e-06,0.000000e+00,0.000000e+00,0.000000e+00,0.000000e+00,0.000000e+00,0.000000e+00,1.000000e+00
5.050000e-05,9.562806e-01,1.500754e-18,1.281523e-02,3.081849e-02,8.035809e-05,6.373116e-07,4.697513e-06,0.000000e+00,0.000000e+00,0.000000e+00,0.000000e+00,0.000000e+00,0.000000e+00,1.000000e+00
5.500000e-05,9.537031e-01,2.013082e-18,1.374468e-02,3.246837e-02,7.848301e-05,6.224404e-07,4.772803e-06,0.000000e+00,0.000000e+00,0.000000e+00,0.000000e+00,0.000000e+00,0.000000e+00,1.000000e+00
5.950000e-05,9.512585e-01,2.642546e-18,1.465049e-02,3.400882e-02,7.672861e-05,6.085266e-07,4.859256e-06,0.000000e+00,0.000000e+00,0.000000e+00,0.000000e+00,0.000000e+00,0.000000e+00,1.000000e+00
6.400000e-05,9.489354e-01,3.404978e-18,1.553424e-02,3.544970e-02,7.508258e-05,5.954724e-07,4.955688e-06,0.000000e+00,0.000000e+00,0.000000e+00,0.000000e+00,0.000000e+00,0.000000e+00,1.000000e+00
6.850000e-05,9.467237e-01,4.317122e-18,1.639732e-02,3.679976e-02,7.353423e-05,5.831931e-07,5.061063e-06,0.000000e+00,0.000000e+00,0.000000e+00,0.000000e+00,0.000000e+00,0.000000e+00,1.000000e+00
7.300000e-05,9.446144e-01,5.396628e-18,1.724100e-02,3.806679e-02,7.207426e-05,5.716149e-07,5.174471e-06,0.000000e+00,0.000000e+00,0.000000e+00,0.000000e+00,0.000000e+00,0.000000e+00,1.000000e+00
7.750000e-05,9.425993e-01,6.662047e-18,1.806642e-02,3.925774e-02,7.069453e-05,5.606733e-07,5.295112e-06,0.000000e+00,0.000000e+00,0.000000e+00,0.000000e+00,0.000000e+00,0.000000e+00,1.000000e+00
8.200000e-05,9.406712e-01,8.132835e-18,1.887461e-02,4.037883e-02,6.938789e-05,5.503115e-07,5.422278e-06,0.000000e+00,0.000000e+00,0.000000e+00,0.000000e+00,0.000000e+00,0.000000e+00,1.000000e+00
8.650000e-05,9.388236e-01,9.829342e-18,1.966651e-02,4.143561e-02,6.814804e-05,5.404795e-07,5.555342e-06,0.000000e+00,0.000000e+00,0.000000e+00,0.000000e+00,0.000000e+00,0.000000e+00,1.000000e+00
9.100000e-05,9.370507e-01,1.177282e-17,2.044298e-02,4.243308e-02,6.696939e-05,5.311331e-07,5.693746e-06,0.000000e+00,0.000000e+00,0.000000e+00,0.000000e+00,0.000000e+00,0.000000e+00,1.000000e+00
9.550000e-05,9.353472e-01,1.398542e-17,2.120481e-02,4.337575e-02,6.584700e-05,5.222329e-07,5.836991e-06,0.000000e+00,0.000000e+00,0.000000e+00,0.000000e+00,0.000000e+00,0.000000e+00,1.000000e+00
1.000000e-04,9.337083e-01,1.649018e-17,2.195271e-02,4.426767e-02,6.477644e-05,5.137440e-07,5.984633e-06,0.000000e+00,0.000000e+00,0.000000e+00,0.000000e+00,0.000000e+00,0.000000e+00,1.000000e+00
1.450000e-04,9.200853e-01,6.332156e-17,2.879051e-02,5.105987e-02,5.621924e-05,4.459001e-07,7.631665e-06,0.000000e+00,0.000000e+00,0.000000e+00,0.000000e+00,0.000000e+00,0.000000e+00,1.000000e+00
1.900000e-04,9.098730e-01,1.714574e-16,3.473746e-02,5.532948e-02,5.019356e-05,3.981443e-07,9.449380e-06,0.000000e+00,0.000000e+00,0.000000e+00,0.000000e+00,0.000000e+00,0.000000e+00,1.000000e+00
2.350000e-04,9.017464e-01,3.791438e-16,4.004400e-02,5.815230e-02,4.563486e-05,3.620328e-07,1.133131e-05,0.000000e+00,0.000000e+00,0.000000e+00,0.000000e+00,0.000000e+00,0.000000e+00,1.000000e+00
2.800000e-04,8.950136e-01,7.343332e-16,4.486056e-02,6.007026e-02,4.201961e-05,3.334126e-07,1.322774e-05,0.000000e+00,0.000000e+00,0.000000e+00,0.000000e+00,0.000000e+00,0.000000e+00,1.000000e+00
3.250000e-04,8.892725e-01,1.295163e-15,4.928606e-02,6.138694e-02,3.905586e-05,3.099677e-07,1.511330e-05,0.000000e+00,0.000000e+00,0.000000e+00,0.000000e+00,0.000000e+00,0.000000e+00,1.000000e+00
3.700000e-04,8.842703e-01,2.130462e-15,5.338986e-02,6.228605e-02,3.656574e-05,2.902871e-07,1.697445e-05,0.000000e+00,0.000000e+00,0.000000e+00,0.000000e+00,0.000000e+00,0.000000e+00,1.000000e+00
4.150000e-04,8.798383e-01,3.320268e-15,5.722286e-02,6.288534e-02,3.443356e-05,2.734528e-07,1.880387e-05,0.000000e+00,0.000000e+00,0.000000e+00,0.000000e+00,0.000000e+00,0.000000e+00,1.000000e+00
4.600000e-04,8.758619e-01,4.955690e-15,6.082374e-02,6.326096e-02,3.257622e-05,2.588055e-07,2.059641e-05,0.000000e+00,0.000000e+00,0.000000e+00,0.000000e+00,0.000000e+00,0.000000e+00,1.000000e+00
5.050000e-04,8.722599e-01,7.139058e-15,6.422193e-02,6.346465e-02,3.093382e-05,2.458696e-07,2.234800e-05,0.000000e+00,0.000000e+00,0.000000e+00,0.000000e+00,0.000000e+00,0.000000e+00,1.000000e+00
5.500000e-04,8.689625e-01,9.987562e-15,6.744157e-02,6.354214e-02,2.947425e-05,2.343902e-07,2.406064e-05,0.000000e+00,0.000000e+00,0.000000e+00,0.000000e+00,0.000000e+00,0.000000e+00,1.000000e+00
5.950000e-04,8.659210e-01,1.363030e-14,7.050262e-02,6.352223e-02,2.816602e-05,2.241175e-07,2.573453e-05,0.000000e+00,0.000000e+00,0.000000e+00,0.000000e+00,0.000000e+00,0.000000e+00,1.000000e+00
6.400000e-04,8.630973e-01,1.820990e-14,7.342167e-02,6.342642e-02,2.698482e-05,2.148583e-07,2.737036e-05,0.000000e+00,0.000000e+00,0.000000e+00,0.000000e+00,0.000000e+00,0.000000e+00,1.000000e+00
6.850000e-04,8.604613e-01,2.388297e-14,7.621262e-02,6.327104e-02,2.591153e-05,2.064608e-07,2.896907e-05,0.000000e+00,0.000000e+00,0.000000e+00,0.000000e+00,0.000000e+00,0.000000e+00,1.000000e+00
7.300000e-04,8.579884e-01,3.082056e-14,7.888729e-02,6.306866e-02,2.493087e-05,1.988037e-07,3.053175e-05,0.000000e+00,0.000000e+00,0.000000e+00,0.000000e+00,0.000000e+00,0.000000e+00,1.000000e+00
7.750000e-04,8.556587e-01,3.920864e-14,8.145585e-02,6.282912e-02,2.403044e-05,1.917884e-07,3.205956e-05,0.000000e+00,0.000000e+00,0.000000e+00,0.000000e+00,0.000000e+00,0.000000e+00,1.000000e+00
8.200000e-04,8.534558e-01,4.924854e-14,8.392709e-02,6.256016e-02,2.320008e-05,1.853343e-07,3.355372e-05,0.000000e+00,0.000000e+00,0.000000e+00,0.000000e+00,0.000000e+00,0.000000e+00,1.000000e+00
8.650000e-04,8.513657e-01,6.115739e-14,8.630868e-02,6.226795e-02,2.243134e-05,1.793740e-07,3.501544e-05,0.000000e+00,0.000000e+00,0.000000e+00,0.000000e+00,0.000000e+00,0.000000e+00,1.000000e+00
9.100000e-04,8.493769e-01,7.516860e-14,8.860738e-02,6.195743e-02,2.171713e-05,1.738514e-07,3.644590e-05,0.000000e+00,0.000000e+00,0.000000e+00,0.000000e+00,0.000000e+00,0.000000e+00,1.000000e+00
9.550000e-04,8.474792e-01,9.153224e-14,9.082916e-02,6.163260e-02,2.105148e-05,1.687188e-07,3.784626e-05,0.000000e+00,0.000000e+00,0.000000e+00,0.000000e+00,0.000000e+00,0.000000e+00,1.000000e+00
1.000000e-03,8.456641e-01,1.105155e-13,9.297933e-02,6.129673e-02,2.042928e-05,1.639356e-07,3.921765e-05,0.000000e+00,0.000000e+00,0.000000e+00,0.000000e+00,0.000000e+00,0.000000e+00,1.000000e+00
1.450000e-03,8.308022e-01,5.162960e-13,1.113927e-01,5.773760e-02,1.586308e-05,1.294781e-07,5.155315e-05,0.000000e+00,0.000000e+00,0.000000e+00,0.000000e+00,0.000000e+00,0.000000e+00,1.000000e+00
1.900000e-03,8.196747e-01,1.620947e-12,1.258986e-01,5.435162e-02,1.303981e-05,1.092260e-07,6.191567e-05,0.000000e+00,0.000000e+00,0.000000e+00,0.000000e+00,0.000000e+00,0.000000e+00,1.000000e+00
2.350000e-03,8.106833e-01,4.036952e-12,1.378941e-01,5.134063e-02,1.110144e-05,9.631288e-08,7.083948e-05,0.000000e+00,0.000000e+00,0.000000e+00,0.000000e+00,0.000000e+00,0.000000e+00,1.000000e+00
2.800000e-03,8.030892e-01,8.631750e-12,1.481282e-01,4.869422e-02,9.680759e-06,8.778245e-08,7.866952e-05,0.000000e+00,0.000000e+00,0.000000e+00,0.000000e+00,0.000000e+00,0.000000e+00,1.000000e+00
3.250000e-03,7.964880e-01,1.656064e-11,1.570539e-01,4.636371e-02,8.591456e-06,8.212364e-08,8.564007e-05,0.000000e+00,0.000000e+00,0.000000e+00,0.000000e+00,0.000000e+00,0.000000e+00,1.000000e+00
3.700000e-03,7.906332e-01,2.929703e-11,1.649677e-01,4.429937e-02,7.728042e-06,7.847335e-08,9.191737e-05,0.000000e+00,0.000000e+00,0.000000e+00,0.000000e+00,0.000000e+00,0.000000e+00,1.000000e+00
4.150000e-03,7.853623e-01,4.866039e-11,1.720746e-01,4.245841e-02,7.025960e-06,7.629810e-08,9.762363e-05,0.000000e+00,0.000000e+00,0.000000e+00,0.000000e+00,0.000000e+00,0.000000e+00,1.000000e+00
4.600000e-03,7.805623e-01,7.684216e-11,1.785226e-01,4.080565e-02,6.443340e-06,7.524798e-08,1.028514e-04,0.000000e+00,0.000000e+00,0.000000e+00,0.000000e+00,0.000000e+00,0.000000e+00,1.000000e+00
5.050000e-03,7.761513e-01,1.164299e-10,1.844225e-01,3.931251e-02,5.951772e-06,7.508260e-08,1.076723e-04,0.000000e+00,0.000000e+00,0.000000e+00,0.000000e+00,0.000000e+00,0.000000e+00,1.000000e+00
5.500000e-03,7.720675e-01,1.704299e-10,1.898590e-01,3.795581e-02,5.531262e-06,7.563047e-08,1.121432e-04,0.000000e+00,0.000000e+00,0.000000e+00,0.000000e+00,0.000000e+00,0.000000e+00,1.000000e+00
5.950000e-03,7.682633e-01,2.422880e-10,1.948985e-01,3.671663e-02,5.167312e-06,7.676542e-08,1.163098e-04,0.000000e+00,0.000000e+00,0.000000e+00,0.000000e+00,0.000000e+00,0.000000e+00,1.000000e+00
6.400000e-03,7.647012e-01,3.359098e-10,1.995943e-01,3.557941e-02,4.849144e-06,7.839213e-08,1.202092e-04,0.000000e+00,0.000000e+00,0.000000e+00,0.000000e+00,0.000000e+00,0.000000e+00,1.000000e+00
6.850000e-03,7.613509e-01,4.556788e-10,2.039893e-01,3.453126e-02,4.568573e-06,8.043700e-08,1.238724e-04,0.000000e+00,0.000000e+00,0.000000e+00,0.000000e+00,0.000000e+00,0.000000e+00,1.000000e+00
7.300000e-03,7.581877e-01,6.064736e-10,2.081191e-01,3.356142e-02,4.319266e-06,8.284205e-08,1.273252e-04,0.000000e+00,0.000000e+00,0.000000e+00,0.000000e+00,0.000000e+00,0.000000e+00,1.000000e+00
7.750000e-03,7.551911e-01,7.936843e-10,2.120133e-01,3.266085e-02,4.096244e-06,8.556084e-08,1.305894e-04,0.000000e+00,0.000000e+00,0.000000e+00,0.000000e+00,0.000000e+00,0.000000e+00,1.000000e+00
8.200000e-03,7.523439e-01,1.023228e-09,2.156965e-01,3.182187e-02,3.895540e-06,8.855560e-08,1.336836e-04,0.000000e+00,0.000000e+00,0.000000e+00,0.000000e+00,0.000000e+00,0.000000e+00,1.000000e+00
8.650000e-03,7.496316e-01,1.301561e-09,2.191900e-01,3.103795e-02,3.713949e-06,9.179519e-08,1.366237e-04,0.000000e+00,0.000000e+00,0.000000e+00,0.000000e+00,0.000000e+00,0.000000e+00,1.000000e+00
9.100000e-03,7.470416e-01,1.635695e-09,2.225119e-01,3.030346e-02,3.548857e-06,9.525360e-08,1.394237e-04,0.000000e+00,0.000000e+00,0.000000e+00,0.000000e+00,0.000000e+00,0.000000e+00,1.000000e+00
9.550000e-03,7.445632e-01,2.033205e-09,2.256776e-01,2.961357e-02,3.398106e-06,9.890891e-08,1.420955e-04,0.000000e+00,0.000000e+00,0.000000e+00,0.000000e+00,0.000000e+00,0.000000e+00,1.000000e+00
1.000000e-02,7.421871e-01,2.502244e-09,2.287008e-01,2.896406e-02,3.259904e-06,1.027424e-07,1.446497e-04,0.000000e+00,0.000000e+00,0.000000e+00,0.000000e+00,0.000000e+00,0.000000e+00,1.000000e+00
1.450000e-02,7.226443e-01,1.334716e-08,2.531266e-01,2.406130e-02,2.324976e-06,1.481365e-07,1.653435e-04,0.000000e+00,0.000000e+00,0.000000e+00,0.000000e+00,0.000000e+00,0.000000e+00,1.000000e+00
1.900000e-02,7.081859e-01,4.477552e-08,2.707094e-01,2.092246e-02,1.817519e-06,2.012127e-07,1.802685e-04,0.000000e+00,0.000000e+00,0.000000e+00,0.000000e+00,0.000000e+00,0.000000e+00,1.000000e+00
2.350000e-02,6.969551e-01,1.144168e-07,2.840944e-01,1.875693e-02,1.504060e-06,2.574038e-07,1.916898e-04,0.000000e+00,0.000000e+00,0.000000e+00,0.000000e+00,0.000000e+00,0.000000e+00,1.000000e+00
2.800000e-02,6.881431e-01,2.430070e-07,2.944319e-01,1.722242e-02,1.297679e-06,3.131245e-07,2.006694e-04,0.000000e+00,0.000000e+00,0.000000e+00,0.000000e+00,0.000000e+00,0.000000e+00,1.000000e+00
3.250000e-02,6.813440e-01,4.491788e-07,3.023027e-01,1.614361e-02,1.158342e-06,3.650076e-07,2.077881e-04,0.000000e+00,0.000000e+00,0.000000e+00,0.000000e+00,0.000000e+00,0.000000e+00,1.000000e+00
3.700000e-02,6.762782e-01,7.431002e-07,3.080943e-01,1.541183e-02,1.064189e-06,4.103234e-07,2.134297e-04,0.000000e+00,0.000000e+00,0.000000e+00,0.000000e+00,0.000000e+00,0.000000e+00,1.000000e+00
4.150000e-02,6.726653e-01,1.122775e-06,3.121696e-01,1.494461e-02,1.001309e-06,4.476632e-07,2.179065e-04,0.000000e+00,0.000000e+00,0.000000e+00,0.000000e+00,0.000000e+00,0.000000e+00,1.000000e+00
4.600000e-02,6.701965e-01,1.575683e-06,3.149067e-01,1.467231e-02,9.598957e-07,4.771475e-07,2.214984e-04,0.000000e+00,0.000000e+00,0.000000e+00,0.000000e+00,0.000000e+00,0.000000e+00,1.000000e+00
5.050000e-02,6.685681e-01,2.084204e-06,3.166670e-01,1.453694e-02,9.328429e-07,4.999773e-07,2.244489e-04,0.000000e+00,0.000000e+00,0.000000e+00,0.000000e+00,0.000000e+00,0.000000e+00,1.000000e+00
5.500000e-02,6.675204e-01,2.630949e-06,3.177552e-01,1.449341e-02,9.151246e-07,5.177457e-07,2.269527e-04,0.000000e+00,0.000000e+00,0.000000e+00,0.000000e+00,0.000000e+00,0.000000e+00,1.000000e+00
5.950000e-02,6.668559e-01,3.201706e-06,3.184012e-01,1.450914e-02,9.033299e-07,5.319339e-07,2.291533e-04,0.000000e+00,0.000000e+00,0.000000e+00,0.000000e+00,0.000000e+00,0.000000e+00,1.000000e+00
6.400000e-02,6.664363e-01,3.786110e-06,3.187653e-01,1.456194e-02,8.952316e-07,5.437019e-07,2.311493e-04,0.000000e+00,0.000000e+00,0.000000e+00,0.000000e+00,0.000000e+00,0.000000e+00,1.000000e+00
6.850000e-02,6.661704e-01,4.377119e-06,3.189535e-01,1.463732e-02,8.894166e-07,5.538727e-07,2.330061e-04,0.000000e+00,0.000000e+00,0.000000e+00,0.000000e+00,0.000000e+00,0.000000e+00,1.000000e+00
7.300000e-02,6.659995e-01,4.970161e-06,3.190332e-01,1.472606e-02,8.850054e-07,5.629978e-07,2.347656e-04,0.000000e+00,0.000000e+00,0.000000e+00,0.000000e+00,0.000000e+00,0.000000e+00,1.000000e+00
7.750000e-02,6.658873e-01,5.562347e-06,3.190468e-01,1.482240e-02,8.814573e-07,5.714341e-07,2.364544e-04,0.000000e+00,0.000000e+00,0.000000e+00,0.000000e+00,0.000000e+00,0.000000e+00,1.000000e+00
8.200000e-02,6.658113e-01,6.151893e-06,3.190202e-01,1.492280e-02,8.784420e-07,5.794085e-07,2.380893e-04,0.000000e+00,0.000000e+00,0.000000e+00,0.000000e+00,0.000000e+00,0.000000e+00,1.000000e+00
8.650000e-02,6.657575e-01,6.737712e-06,3.189696e-01,1.502507e-02,8.757587e-07,5.870633e-07,2.396809e-04,0.000000e+00,0.000000e+00,0.000000e+00,0.000000e+00,0.000000e+00,0.000000e+00,1.000000e+00
9.100000e-02,6.657175e-01,7.319156e-06,3.189046e-01,1.512790e-02,8.732852e-07,5.944875e-07,2.412358e-04,0.000000e+00,0.000000e+00,0.000000e+00,0.000000e+00,0.000000e+00,0.000000e+00,1.000000e+00
9.550000e-02,6.656863e-01,7.895847e-06,3.188311e-01,1.523048e-02,8.709474e-07,6.017367e-07,2.427586e-04,0.000000e+00,0.000000e+00,0.000000e+00,0.000000e+00,0.000000e+00,0.000000e+00,1.000000e+00
1.000000e-01,6.656606e-01,8.467574e-06,3.187529e-01,1.533235e-02,8.687002e-07,6.088457e-07,2.442522e-04,0.000000e+00,0.000000e+00,0.000000e+00,0.000000e+00,0.000000e+00,0.000000e+00,1.000000e+00
1.450000e-01,6.655012e-01,1.390632e-05,3.179407e-01,1.628484e-02,8.482406e-07,6.747272e-07,2.578645e-04,0.000000e+00,0.000000e+00,0.000000e+00,0.000000e+00,0.000000e+00,0.000000e+00,1.000000e+00
1.900000e-01,6.654014e-01,1.886577e-05,3.171899e-01,1.711870e-02,8.297887e-07,7.330636e-07,2.694972e-04,0.000000e+00,0.000000e+00,0.000000e+00,0.000000e+00,0.000000e+00,0.000000e+00,1.000000e+00
2.350000e-01,6.653369e-01,2.339223e-05,3.165049e-01,1.785364e-02,8.129923e-07,7.849047e-07,2.795436e-04,0.000000e+00,0.000000e+00,0.000000e+00,0.000000e+00,0.000000e+00,0.000000e+00,1.000000e+00
2.800000e-01,6.652986e-01,2.752752e-05,3.158782e-01,1.850576e-02,7.976901e-07,8.310373e-07,2.882870e-04,0.000000e+00,0.000000e+00,0.000000e+00,0.000000e+00,0.000000e+00,0.000000e+00,1.000000e+00
3.250000e-01,6.652799e-01,3.130876e-05,3.153038e-01,1.908741e-02,7.837401e-07,8.721433e-07,2.959430e-04,0.000000e+00,0.000000e+00,0.000000e+00,0.000000e+00,0.000000e+00,0.000000e+00,1.000000e+00
3.700000e-01,6.652761e-01,3.476901e-05,3.147765e-01,1.960830e-02,7.710160e-07,9.088159e-07,3.026805e-04,0.000000e+00,0.000000e+00,0.000000e+00,0.000000e+00,0.000000e+00,0.000000e+00,1.000000e+00
4.150000e-01,6.652833e-01,3.793780e-05,3.142921e-01,2.007631e-02,7.594050e-07,9.415718e-07,3.086343e-04,0.000000e+00,0.000000e+00,0.000000e+00,0.000000e+00,0.000000e+00,0.000000e+00,1.000000e+00
4.600000e-01,6.652987e-01,4.084162e-05,3.138470e-01,2.049788e-02,7.488054e-07,9.708622e-07,3.139140e-04,0.000000e+00,0.000000e+00,0.000000e+00,0.000000e+00,0.000000e+00,0.000000e+00,1.000000e+00
5.050000e-01,6.653200e-01,4.350425e-05,3.134377e-01,2.087844e-02,7.391260e-07,9.970817e-07,3.186097e-04,0.000000e+00,0.000000e+00,0.000000e+00,0.000000e+00,0.000000e+00,0.000000e+00,1.000000e+00
5.500000e-01,6.653455e-01,4.594714e-05,3.130615e-01,2.122257e-02,7.302844e-07,1.020576e-06,3.227967e-04,0.000000e+00,0.000000e+00,0.000000e+00,0.000000e+00,0.000000e+00,0.000000e+00,1.000000e+00
5.950000e-01,6.653738e-01,4.818960e-05,3.127155e-01,2.153418e-02,7.222060e-07,1.041648e-06,3.265385e-04,0.000000e+00,0.000000e+00,0.000000e+00,0.000000e+00,0.000000e+00,0.000000e+00,1.000000e+00
6.400000e-01,6.654040e-01,5.024912e-05,3.123974e-01,2.181668e-02,7.148233e-07,1.060565e-06,3.298887e-04,0.000000e+00,0.000000e+00,0.000000e+00,0.000000e+00,0.000000e+00,0.000000e+00,1.000000e+00
6.850000e-01,6.654351e-01,5.214152e-05,3.121051e-01,2.207304e-02,7.080752e-07,1.077562e-06,3.328933e-04,0.000000e+00,0.000000e+00,0.000000e+00,0.000000e+00,0.000000e+00,0.000000e+00,1.000000e+00
7.300000e-01,6.654665e-01,5.388112e-05,3.118364e-01,2.230585e-02,7.019060e-07,1.092844e-06,3.355921e-04,0.000000e+00,0.000000e+00,0.000000e+00,0.000000e+00,0.000000e+00,0.000000e+00,1.000000e+00
7.750000e-01,6.654978e-01,5.548095e-05,3.115895e-01,2.251741e-02,6.962653e-07,1.106596e-06,3.380192e-04,0.000000e+00,0.000000e+00,0.000000e+00,0.000000e+00,0.000000e+00,0.000000e+00,1.000000e+00
8.200000e-01,6.655286e-01,5.695283e-05,3.113627e-01,2.270976e-02,6.911071e-07,1.118979e-06,3.402045e-04,0.000000e+00,0.000000e+00,0.000000e+00,0.000000e+00,0.000000e+00,0.000000e+00,1.000000e+00
8.650000e-01,6.655585e-01,5.830751e-05,3.111544e-01,2.288473e-02,6.863895e-07,1.130135e-06,3.421740e-04,0.000000e+00,0.000000e+00,0.000000e+00,0.000000e+00,0.000000e+00,0.000000e+00,1.000000e+00
9.100000e-01,6.655875e-01,5.955480e-05,3.109633e-01,2.304393e-02,6.820744e-07,1.140193e-06,3.439506e-04,0.000000e+00,0.000000e+00,0.000000e+00,0.000000e+00,0.000000e+00,0.000000e+00,1.000000e+00
9.550000e-01,6.656153e-01,6.070361e-05,3.107878e-01,2.318883e-02,6.781271e-07,1.149265e-06,3.455545e-04,0.000000e+00,0.000000e+00,0.000000e+00,0.000000e+00,0.000000e+00,0.000000e+00,1.000000e+00
1.000000e+00,6.656419e-01,6.176209e-05,3.106268e-01,2.332074e-02,6.745160e-07,1.157451e-06,3.470035e-04,0.000000e+00,0.000000e+00,0.000000e+00,0.000000e+00,0.000000e+00,0.000000e+00,1.000000e+00
1.450000e+00,6.658385e-01,6.873680e-05,3.095973e-01,2.413793e-02,6.516238e-07,1.206291e-06,3.557138e-04,0.000000e+00,0.000000e+00,0.000000e+00,0.000000e+00,0.000000e+00,0.000000e+00,1.000000e+00
1.900000e+00,6.659381e-01,7.190968e-05,3.091716e-01,2.445763e-02,6.421660e-07,1.224085e-06,3.589567e-04,0.000000e+00,0.000000e+00,0.000000e+00,0.000000e+00,0.000000e+00,0.000000e+00,1.000000e+00
2.350000e+00,6.659857e-01,7.339337e-05,3.089981e-01,2.458074e-02,6.382414e-07,1.230438e-06,3.601514e-04,0.000000e+00,0.000000e+00,0.000000e+00,0.000000e+00,0.000000e+00,0.000000e+00,1.000000e+00
2.800000e+00,6.660084e-01,7.410587e-05,3.089283e-01,2.462675e-02,6.366056e-07,1.232561e-06,3.605725e-04,0.000000e+00,0.000000e+00,0.000000e+00,0.000000e+00,0.000000e+00,0.000000e+00,1.000000e+00
3.250000e+00,6.660194e-01,7.445695e-05,3.089004e-01,2.464307e-02,6.359201e-07,1.233168e-06,3.607073e-04,0.000000e+00,0.000000e+00,0.000000e+00,0.000000e+00,0.000000e+00,0.000000e+00,1.000000e+00
3.700000e+00,6.660249e-01,7.463418e-05,3.088895e-01,2.464833e-02,6.356307e-07,1.233268e-06,3.607414e-04,0.000000e+00,0.000000e+00,0.000000e+00,0.000000e+00,0.000000e+00,0.000000e+00,1.000000e+00
4.150000e+00,6.660276e-01,7.472563e-05,3.088853e-01,2.464967e-02,6.355074e-07,1.233226e-06,3.607433e-04,0.000000e+00,0.000000e+00,0.000000e+00,0.000000e+00,0.000000e+00,0.000000e+00,1.000000e+00
4.600000e+00,6.660291e-01,7.477372e-05,3.088838e-01,2.464976e-02,6.354543e-07,1.233162e-06,3.607374e-04,0.000000e+00,0.000000e+00,0.000000e+00,0.000000e+00,0.000000e+00,0.000000e+00,1.000000e+00
5.050000e+00,6.660298e-01,7.479942e-05,3.088832e-01,2.464953e-02,6.354311e-07,1.233109e-06,3.607311e-04,0.000000e+00,0.000000e+00,0.000000e+00,0.000000e+00,0.000000e+00,0.000000e+00,1.000000e+00
5.500000e+00,6.660302e-01,7.481333e-05,3.088831e-01,2.464929e-02,6.354207e-07,1.233072e-06,3.607264e-04,0.000000e+00,0.000000e+00,0.000000e+00,0.000000e+00,0.000000e+00,0.000000e+00,1.000000e+00
5.950000e+00,6.660304e-01,7.482094e-05,3.088830e-01,2.464911e-02,6.354160e-07,1.233048e-06,3.607232e-04,0.000000e+00,0.000000e+00,0.000000e+00,0.000000e+00,0.000000e+00,0.000000e+00,1.000000e+00
6.400000e+00,6.660306e-01,7.482514e-05,3.088830e-01,2.464899e-02,6.354138e-07,1.233034e-06,3.607212e-04,0.000000e+00,0.000000e+00,0.000000e+00,0.000000e+00,0.000000e+00,0.000000e+00,1.000000e+00
6.850000e+00,6.660306e-01,7.482746e-05,3.088830e-01,2.464891e-02,6.354128e-07,1.233025e-06,3.607200e-04,0.000000e+00,0.000000e+00,0.000000e+00,0.000000e+00,0.000000e+00,0.000000e+00,1.000000e+00
7.300000e+00,6.660307e-01,7.482876e-05,3.088831e-01,2.464887e-02,6.354123e-07,1.233020e-06,3.607193e-04,0.000000e+00,0.000000e+00,0.000000e+00,0.000000e+00,0.000000e+00,0.000000e+00,1.000000e+00
7.750000e+00,6.660307e-01,7.482948e-05,3.088831e-01,2.464884e-02,6.354120e-07,1.233017e-06,3.607189e-04,0.000000e+00,0.000000e+00,0.000000e+00,0.000000e+00,0.000000e+00,0.000000e+00,1.000000e+00
8.200000e+00,6.660307e-01,7.482989e-05,3.088831e-01,2.464882e-02,6.354119e-07,1.233015e-06,3.607186e-04,0.000000e+00,0.000000e+00,0.000000e+00,0.000000e+00,0.000000e+00,0.000000e+00,1.000000e+00
8.650000e+00,6.660307e-01,7.483012e-05,3.088831e-01,2.464881e-02,6.354118e-07,1.233014e-06,3.607185e-04,0.000000e+00,0.000000e+00,0.000000e+00,0.000000e+00,0.000000e+00,0.000000e+00,1.000000e+00
9.100000e+00,6.660307e-01,7.483025e-05,3.088831e-01,2.464881e-02,6.354118e-07,1.233014e-06,3.607184e-04,0.000000e+00,0.000000e+00,0.000000e+00,0.000000e+00,0.000000e+00,0.000000e+00,1.000000e+00
9.550000e+00,6.660307e-01,7.483032e-05,3.088831e-01,2.464881e-02,6.354118e-07,1.233013e-06,3.607184e-04,0.000000e+00,0.000000e+00,0.000000e+00,0.000000e+00,0.000000e+00,0.000000e+00,1.000000e+00
1.000000e+01,6.660307e-01,7.483036e-05,3.088831e-01,2.464880e-02,6.354118e-07,1.233013e-06,3.607183e-04,0.000000e+00,0.000000e+00,0.000000e+00,0.000000e+00,0.000000e+00,0.000000e+00,1.000000e+00
1.450000e+01,6.660307e-01,7.483041e-05,3.088831e-01,2.464880e-02,6.354118e-07,1.233013e-06,3.607183e-04,0.000000e+00,0.000000e+00,0.000000e+00,0.000000e+00,0.000000e+00,0.000000e+00,1.000000e+00
1.900000e+01,6.660307e-01,7.483041e-05,3.088831e-01,2.464880e-02,6.354118e-07,1.233013e-06,3.607183e-04,0.000000e+00,0.000000e+00,0.000000e+00,0.000000e+00,0.000000e+00,0.000000e+00,1.000000e+00
2.350000e+01,6.660307e-01,7.483041e-05,3.088831e-01,2.464880e-02,6.354118e-07,1.233013e-06,3.607183e-04,0.000000e+00,0.000000e+00,0.000000e+00,0.000000e+00,0.000000e+00,0.000000e+00,1.000000e+00
2.800000e+01,6.660307e-01,7.483041e-05,3.088831e-01,2.464880e-02,6.354118e-07,1.233013e-06,3.607183e-04,0.000000e+00,0.000000e+00,0.000000e+00,0.000000e+00,0.000000e+00,0.000000e+00,1.000000e+00
3.250000e+01,6.660307e-01,7.483041e-05,3.088831e-01,2.464880e-02,6.354118e-07,1.233013e-06,3.607183e-04,0.000000e+00,0.000000e+00,0.000000e+00,0.000000e+00,0.000000e+00,0.000000e+00,1.000000e+00
3.700000e+01,6.660307e-01,7.483041e-05,3.088831e-01,2.464880e-02,6.354118e-07,1.233013e-06,3.607183e-04,0.000000e+00,0.000000e+00,0.000000e+00,0.000000e+00,0.000000e+00,0.000000e+00,1.000000e+00
4.150000e+01,6.660307e-01,7.483041e-05,3.088831e-01,2.464880e-02,6.354118e-07,1.233013e-06,3.607183e-04,0.000000e+00,0.000000e+00,0.000000e+00,0.000000e+00,0.000000e+00,0.000000e+00,1.000000e+00
4.600000e+01,6.660307e-01,7.483041e-05,3.088831e-01,2.464880e-02,6.354118e-07,1.233013e-06,3.607183e-04,0.000000e+00,0.000000e+00,0.000000e+00,0.000000e+00,0.000000e+00,0.000000e+00,1.000000e+00
5.000000e+01,6.660307e-01,7.483041e-05,3.088831e-01,2.464880e-02,6.354118e-07,1.233013e-06,3.607183e-04,0.000000e+00,0.000000e+00,0.000000e+00,0.000000e+00,0.000000e+00,0.000000e+00,1.000000e+00
