t(s),H2,H,O,O2,OH,H2O,HO2,H2O2,C,CH,CH2,CH2(S),CH3,CH4,CO,CO2,HCO,CH2O,CH2OH,CH3O,CH3OH,C2H,C2H2,C2H3,C2H4,C2H5,C2H6,HCCO,CH2CO,HCCOH,N,NH,NH2,NH3,NNH,NO,NO2,N2O,HNO,CN,HCN,H2CN,HCNN,HCNO,HOCN,HNCO,NCO,N2,AR,C3H7,C3H8,CH2CHO,CH3CHO
1.000000e-05,2.722608e-02,1.733365e-11,2.715613e-11,2.160848e-01,9.844531e-12,2.868044e-10,8.913056e-10,1.240150e-12,0.000000e+00,0.000000e+00,0.000000e+00,0.000000e+00,0.000000e+00,0.000000e+00,0.000000e+00,0.000000e+00,0.000000e+00,0.000000e+00,0.000000e+00,0.000000e+00,0.000000e+00,0.000000e+00,0.000000e+00,0.000000e+00,0.000000e+00,0.000000e+00,0.000000e+00,0.000000e+00,0.000000e+00,0.000000e+00,7.619490e-25,5.288456e-24,3.429067e-25,3.575248e-25,1.655496e-16,3.227576e-23,5.657924e-31,4.614909e-17,7.889445e-25,0.000000e+00,0.000000e+00,0.000000e+00,0.000000e+00,0.000000e+00,0.000000e+00,0.000000e+00,0.000000e+00,7.566892e-01,0.000000e+00,0.000000e+00,0.000000e+00,0.000000e+00,0.000000e+00
2.000000e-05,2.722608e-02,4.277073e-11,7.190525e-11,2.160848e-01,2.540568e-11,1.167130e-09,2.554196e-09,5.403666e-12,0.000000e+00,0.000000e+00,0.000000e+00,0.000000e+00,0.000000e+00,0.000000e+00,0.000000e+00,0.000000e+00,0.000000e+00,0.000000e+00,0.000000e+00,0.000000e+00,0.000000e+00,0.000000e+00,0.000000e+00,0.000000e+00,0.000000e+00,0.000000e+00,0.000000e+00,0.000000e+00,0.000000e+00,0.000000e+00,2.213275e-24,6.418880e-23,4.824484e-24,6.569959e-24,4.085396e-16,3.261603e-22,9.724633e-29,1.925114e-16,1.109760e-23,0.000000e+00,0.000000e+00,0.000000e+00,0.000000e+00,0.000000e+00,0.000000e+00,0.000000e+00,0.000000e+00,7.566892e-01,0.000000e+00,0.000000e+00,0.000000e+00,0.000000e+00,0.000000e+00
3.000000e-05,2.722608e-02,8.398424e-11,1.440755e-10,2.160848e-01,5.053586e-11,3.128348e-09,5.613585e-09,1.579147e-11,0.000000e+00,0.000000e+00,0.000000e+00,0.000000e+00,0.000000e+00,0.000000e+00,0.000000e+00,0.000000e+00,0.000000e+00,0.000000e+00,0.000000e+00,0.000000e+00,0.000000e+00,0.000000e+00,0.000000e+00,0.000000e+00,0.000000e+00,0.000000e+00,0.000000e+00,0.000000e+00,0.000000e+00,0.000000e+00,4.573427e-24,3.798174e-22,3.317082e-23,6.872924e-23,8.022301e-16,2.160511e-21,4.500869e-27,5.228425e-16,7.628023e-23,0.000000e+00,0.000000e+00,0.000000e+00,0.000000e+00,0.000000e+00,0.000000e+00,0.000000e+00,0.000000e+00,7.566892e-01,0.000000e+00,0.000000e+00,0.000000e+00,0.000000e+00,0.000000e+00
4.000000e-05,2.722608e-02,1.490126e-10,2.580056e-10,2.160847e-01,9.020860e-11,6.752598e-09,1.081979e-08,3.649280e-11,0.000000e+00,0.000000e+00,0.000000e+00,0.000000e+00,0.000000e+00,0.000000e+00,0.000000e+00,0.000000e+00,0.000000e+00,0.000000e+00,0.000000e+00,0.000000e+00,0.000000e+00,0.000000e+00,0.000000e+00,0.000000e+00,0.000000e+00,0.000000e+00,0.000000e+00,0.000000e+00,0.000000e+00,0.000000e+00,8.293183e-24,1.303186e-21,1.193405e-22,2.810439e-22,1.423414e-15,7.816890e-21,2.247714e-26,1.136876e-15,2.744112e-22,0.000000e+00,0.000000e+00,0.000000e+00,0.000000e+00,0.000000e+00,0.000000e+00,0.000000e+00,0.000000e+00,7.566892e-01,0.000000e+00,0.000000e+00,0.000000e+00,0.000000e+00,0.000000e+00
5.000000e-05,2.722608e-02,2.472942e-10,4.298913e-10,2.160847e-01,1.501028e-10,1.263006e-08,1.893662e-08,7.158973e-11,0.000000e+00,0.000000e+00,0.000000e+00,0.000000e+00,0.000000e+00,0.000000e+00,0.000000e+00,0.000000e+00,0.000000e+00,0.000000e+00,0.000000e+00,0.000000e+00,0.000000e+00,0.000000e+00,0.000000e+00,0.000000e+00,0.000000e+00,0.000000e+00,0.000000e+00,0.000000e+00,0.000000e+00,0.000000e+00,1.389572e-23,3.360845e-21,3.137447e-22,7.871641e-22,2.362247e-15,2.072243e-20,1.016337e-25,2.135446e-15,7.213889e-22,0.000000e+00,0.000000e+00,0.000000e+00,0.000000e+00,0.000000e+00,0.000000e+00,0.000000e+00,0.000000e+00,7.566892e-01,0.000000e+00,0.000000e+00,0.000000e+00,0.000000e+00,0.000000e+00
6.000000e-05,2.722608e-02,4.007004e-10,6.976864e-10,2.160847e-01,2.434843e-10,2.214291e-08,3.175255e-08,1.305355e-10,0.000000e+00,0.000000e+00,0.000000e+00,0.000000e+00,0.000000e+00,0.000000e+00,0.000000e+00,0.000000e+00,0.000000e+00,0.000000e+00,0.000000e+00,0.000000e+00,0.000000e+00,0.000000e+00,0.000000e+00,0.000000e+00,0.000000e+00,0.000000e+00,0.000000e+00,0.000000e+00,0.000000e+00,0.000000e+00,2.261941e-23,8.241118e-21,7.754551e-22,2.030605e-21,3.827651e-15,5.160842e-20,4.174304e-25,3.754572e-15,1.782941e-21,0.000000e+00,0.000000e+00,0.000000e+00,0.000000e+00,0.000000e+00,0.000000e+00,0.000000e+00,0.000000e+00,7.566892e-01,0.000000e+00,0.000000e+00,0.000000e+00,0.000000e+00,0.000000e+00
7.000000e-05,2.722607e-02,6.405155e-10,1.116705e-09,2.160847e-01,3.895871e-10,3.739963e-08,5.198900e-08,2.276937e-10,0.000000e+00,0.000000e+00,0.000000e+00,0.000000e+00,0.000000e+00,0.000000e+00,0.000000e+00,0.000000e+00,0.000000e+00,0.000000e+00,0.000000e+00,0.000000e+00,0.000000e+00,0.000000e+00,0.000000e+00,0.000000e+00,0.000000e+00,0.000000e+00,0.000000e+00,0.000000e+00,0.000000e+00,0.000000e+00,3.633472e-23,2.079077e-20,1.943430e-21,5.135810e-21,6.118476e-15,1.292376e-19,1.799633e-24,6.354428e-15,4.468336e-21,0.000000e+00,0.000000e+00,0.000000e+00,0.000000e+00,0.000000e+00,0.000000e+00,0.000000e+00,0.000000e+00,7.566892e-01,0.000000e+00,0.000000e+00,0.000000e+00,0.000000e+00,0.000000e+00
8.000000e-05,2.722607e-02,1.013429e-09,1.769032e-09,2.160846e-01,6.170202e-10,6.164250e-08,8.382090e-08,3.853570e-10,0.000000e+00,0.000000e+00,0.000000e+00,0.000000e+00,0.000000e+00,0.000000e+00,0.000000e+00,0.000000e+00,0.000000e+00,0.000000e+00,0.000000e+00,0.000000e+00,0.000000e+00,0.000000e+00,0.000000e+00,0.000000e+00,0.000000e+00,0.000000e+00,0.000000e+00,0.000000e+00,0.000000e+00,0.000000e+00,5.793077e-23,5.275706e-20,4.913570e-21,1.294840e-20,9.680722e-15,3.250508e-19,7.342954e-24,1.048911e-14,1.129714e-20,0.000000e+00,0.000000e+00,0.000000e+00,0.000000e+00,0.000000e+00,0.000000e+00,0.000000e+00,0.000000e+00,7.566892e-01,0.000000e+00,0.000000e+00,0.000000e+00,0.000000e+00,0.000000e+00
9.000000e-05,2.722606e-02,1.594405e-09,2.783930e-09,2.160845e-01,9.711596e-10,9.970881e-08,1.334848e-07,6.367248e-10,0.000000e+00,0.000000e+00,0.000000e+00,0.000000e+00,0.000000e+00,0.000000e+00,0.000000e+00,0.000000e+00,0.000000e+00,0.000000e+00,0.000000e+00,0.000000e+00,0.000000e+00,0.000000e+00,0.000000e+00,0.000000e+00,0.000000e+00,0.000000e+00,0.000000e+00,0.000000e+00,0.000000e+00,0.000000e+00,9.216540e-23,1.268021e-19,1.186448e-20,3.148542e-20,1.523047e-14,7.837348e-19,2.623080e-23,1.698395e-14,2.727757e-20,0.000000e+00,0.000000e+00,0.000000e+00,0.000000e+00,0.000000e+00,0.000000e+00,0.000000e+00,0.000000e+00,7.566892e-01,0.000000e+00,0.000000e+00,0.000000e+00,0.000000e+00,0.000000e+00
1.000000e-04,2.722605e-02,2.487511e-09,4.346196e-09,2.160844e-01,1.516506e-09,1.589463e-07,2.104036e-07,1.033029e-09,0.000000e+00,0.000000e+00,0.000000e+00,0.000000e+00,0.000000e+00,0.000000e+00,0.000000e+00,0.000000e+00,0.000000e+00,0.000000e+00,0.000000e+00,0.000000e+00,0.000000e+00,0.000000e+00,0.000000e+00,0.000000e+00,0.000000e+00,0.000000e+00,0.000000e+00,0.000000e+00,0.000000e+00,0.000000e+00,1.482225e-22,3.122455e-19,2.887983e-20,7.532617e-20,2.376185e-14,1.895634e-18,1.000336e-22,2.709262e-14,6.639532e-20,0.000000e+00,0.000000e+00,0.000000e+00,0.000000e+00,0.000000e+00,0.000000e+00,0.000000e+00,0.000000e+00,7.566892e-01,0.000000e+00,0.000000e+00,0.000000e+00,0.000000e+00,0.000000e+00
1.100000e-04,2.722604e-02,3.873454e-09,6.768945e-09,2.160842e-01,2.363344e-09,2.513482e-07,3.299349e-07,1.658609e-09,0.000000e+00,0.000000e+00,0.000000e+00,0.000000e+00,0.000000e+00,0.000000e+00,0.000000e+00,0.000000e+00,0.000000e+00,0.000000e+00,0.000000e+00,0.000000e+00,0.000000e+00,0.000000e+00,0.000000e+00,0.000000e+00,0.000000e+00,0.000000e+00,0.000000e+00,0.000000e+00,0.000000e+00,0.000000e+00,2.460841e-22,7.621298e-19,7.062557e-20,1.826194e-19,3.700103e-14,4.607833e-18,3.828217e-22,4.285703e-14,1.623574e-19,0.000000e+00,0.000000e+00,0.000000e+00,0.000000e+00,0.000000e+00,0.000000e+00,0.000000e+00,0.000000e+00,7.566892e-01,0.000000e+00,0.000000e+00,0.000000e+00,0.000000e+00,0.000000e+00
1.200000e-04,2.722601e-02,6.023316e-09,1.052735e-08,2.160839e-01,3.679294e-09,3.952569e-07,5.154318e-07,2.644192e-09,0.000000e+00,0.000000e+00,0.000000e+00,0.000000e+00,0.000000e+00,0.000000e+00,0.000000e+00,0.000000e+00,0.000000e+00,0.000000e+00,0.000000e+00,0.000000e+00,0.000000e+00,0.000000e+00,0.000000e+00,0.000000e+00,0.000000e+00,0.000000e+00,0.000000e+00,0.000000e+00,0.000000e+00,0.000000e+00,4.412872e-22,1.851155e-18,1.718564e-19,4.439423e-19,5.753752e-14,1.119060e-17,1.465328e-21,6.739206e-14,3.950233e-19,0.000000e+00,0.000000e+00,0.000000e+00,0.000000e+00,0.000000e+00,0.000000e+00,0.000000e+00,0.000000e+00,7.566892e-01,0.000000e+00,0.000000e+00,0.000000e+00,0.000000e+00,0.000000e+00
1.300000e-04,2.722598e-02,9.362553e-09,1.636360e-08,2.160834e-01,5.728364e-09,6.191154e-07,8.028493e-07,4.195849e-09,0.000000e+00,0.000000e+00,0.000000e+00,0.000000e+00,0.000000e+00,0.000000e+00,0.000000e+00,0.000000e+00,0.000000e+00,0.000000e+00,0.000000e+00,0.000000e+00,0.000000e+00,0.000000e+00,0.000000e+00,0.000000e+00,0.000000e+00,0.000000e+00,0.000000e+00,0.000000e+00,0.000000e+00,0.000000e+00,8.927142e-22,4.449007e-18,4.133859e-19,1.071787e-18,8.943545e-14,2.694166e-17,5.395181e-21,1.055091e-13,9.500269e-19,0.000000e+00,0.000000e+00,0.000000e+00,0.000000e+00,0.000000e+00,0.000000e+00,0.000000e+00,0.000000e+00,7.566892e-01,0.000000e+00,0.000000e+00,0.000000e+00,0.000000e+00,0.000000e+00
1.400000e-04,2.722592e-02,1.453041e-08,2.539683e-08,2.160827e-01,8.913264e-09,9.665560e-07,1.246605e-06,6.640085e-09,0.000000e+00,0.000000e+00,0.000000e+00,0.000000e+00,0.000000e+00,0.000000e+00,0.000000e+00,0.000000e+00,0.000000e+00,0.000000e+00,0.000000e+00,0.000000e+00,0.000000e+00,0.000000e+00,0.000000e+00,0.000000e+00,0.000000e+00,0.000000e+00,0.000000e+00,0.000000e+00,0.000000e+00,0.000000e+00,2.215640e-21,1.071342e-17,9.909410e-19,2.555724e-18,1.388012e-13,6.451125e-17,2.000348e-20,1.645455e-13,2.276694e-18,0.000000e+00,0.000000e+00,0.000000e+00,0.000000e+00,0.000000e+00,0.000000e+00,0.000000e+00,0.000000e+00,7.566892e-01,0.000000e+00,0.000000e+00,0.000000e+00,0.000000e+00,0.000000e+00
1.500000e-04,2.722583e-02,2.256502e-08,3.943660e-08,2.160815e-01,1.389548e-08,1.507606e-06,1.932452e-06,1.052351e-08,0.000000e+00,0.000000e+00,0.000000e+00,0.000000e+00,0.000000e+00,0.000000e+00,0.000000e+00,0.000000e+00,0.000000e+00,0.000000e+00,0.000000e+00,0.000000e+00,0.000000e+00,0.000000e+00,0.000000e+00,0.000000e+00,0.000000e+00,0.000000e+00,0.000000e+00,0.000000e+00,0.000000e+00,0.000000e+00,6.491726e-21,2.581457e-17,2.385697e-18,6.119277e-18,2.155515e-13,1.549748e-16,7.428305e-20,2.561696e-13,5.478753e-18,0.000000e+00,0.000000e+00,0.000000e+00,0.000000e+00,0.000000e+00,0.000000e+00,0.000000e+00,0.000000e+00,7.566892e-01,0.000000e+00,0.000000e+00,0.000000e+00,0.000000e+00,0.000000e+00
1.600000e-04,2.722569e-02,3.509998e-08,6.133173e-08,2.160797e-01,2.174156e-08,2.352943e-06,2.992005e-06,1.676254e-08,0.000000e+00,0.000000e+00,0.000000e+00,0.000000e+00,0.000000e+00,0.000000e+00,0.000000e+00,0.000000e+00,0.000000e+00,0.000000e+00,0.000000e+00,0.000000e+00,0.000000e+00,0.000000e+00,0.000000e+00,0.000000e+00,0.000000e+00,0.000000e+00,0.000000e+00,0.000000e+00,0.000000e+00,0.000000e+00,2.142823e-20,6.231245e-17,5.757091e-18,1.472145e-17,3.352909e-13,3.736075e-16,2.762810e-19,3.985668e-13,1.321223e-17,0.000000e+00,0.000000e+00,0.000000e+00,0.000000e+00,0.000000e+00,0.000000e+00,0.000000e+00,0.000000e+00,7.566892e-01,0.000000e+00,0.000000e+00,0.000000e+00,0.000000e+00,0.000000e+00
1.700000e-04,2.722547e-02,5.472755e-08,9.560011e-08,2.160769e-01,3.420685e-08,3.679108e-06,4.626144e-06,2.693787e-08,0.000000e+00,0.000000e+00,0.000000e+00,0.000000e+00,0.000000e+00,0.000000e+00,0.000000e+00,0.000000e+00,0.000000e+00,0.000000e+00,0.000000e+00,0.000000e+00,0.000000e+00,0.000000e+00,0.000000e+00,0.000000e+00,0.000000e+00,0.000000e+00,0.000000e+00,0.000000e+00,0.000000e+00,0.000000e+00,7.657637e-20,1.507764e-16,1.390186e-17,3.543162e-17,5.227817e-13,9.020042e-16,1.022248e-18,6.201517e-13,3.187043e-17,0.000000e+00,0.000000e+00,0.000000e+00,0.000000e+00,0.000000e+00,0.000000e+00,0.000000e+00,0.000000e+00,7.566892e-01,0.000000e+00,0.000000e+00,0.000000e+00,0.000000e+00,0.000000e+00
1.800000e-04,2.722513e-02,8.563657e-08,1.495219e-07,2.160725e-01,5.426379e-08,5.773334e-06,7.140239e-06,4.389338e-08,0.000000e+00,0.000000e+00,0.000000e+00,0.000000e+00,0.000000e+00,0.000000e+00,0.000000e+00,0.000000e+00,0.000000e+00,0.000000e+00,0.000000e+00,0.000000e+00,0.000000e+00,0.000000e+00,0.000000e+00,0.000000e+00,0.000000e+00,0.000000e+00,0.000000e+00,0.000000e+00,0.000000e+00,0.000000e+00,2.847467e-19,3.668667e-16,3.371502e-17,8.533838e-17,8.180367e-13,2.185565e-15,3.782954e-18,9.657556e-13,7.716503e-17,0.000000e+00,0.000000e+00,0.000000e+00,0.000000e+00,0.000000e+00,0.000000e+00,0.000000e+00,0.000000e+00,7.566892e-01,0.000000e+00,0.000000e+00,0.000000e+00,0.000000e+00,0.000000e+00
1.900000e-04,2.722458e-02,1.348421e-07,2.352604e-07,2.160656e-01,8.722424e-08,9.119561e-06,1.099881e-05,7.300261e-08,0.000000e+00,0.000000e+00,0.000000e+00,0.000000e+00,0.000000e+00,0.000000e+00,0.000000e+00,0.000000e+00,0.000000e+00,0.000000e+00,0.000000e+00,0.000000e+00,0.000000e+00,0.000000e+00,0.000000e+00,0.000000e+00,0.000000e+00,0.000000e+00,0.000000e+00,0.000000e+00,0.000000e+00,0.000000e+00,1.087806e-18,9.012459e-16,8.251395e-17,2.069941e-16,1.288065e-12,5.344038e-15,1.406370e-17,1.507627e-12,1.883644e-16,0.000000e+00,0.000000e+00,0.000000e+00,0.000000e+00,0.000000e+00,0.000000e+00,0.000000e+00,0.000000e+00,7.566892e-01,0.000000e+00,0.000000e+00,0.000000e+00,0.000000e+00,0.000000e+00
2.000000e-04,2.722371e-02,2.143691e-07,3.735882e-07,2.160548e-01,1.429891e-07,1.455657e-05,1.689226e-05,1.247431e-07,0.000000e+00,0.000000e+00,0.000000e+00,0.000000e+00,0.000000e+00,0.000000e+00,0.000000e+00,0.000000e+00,0.000000e+00,0.000000e+00,0.000000e+00,0.000000e+00,0.000000e+00,0.000000e+00,0.000000e+00,0.000000e+00,0.000000e+00,0.000000e+00,0.000000e+00,0.000000e+00,0.000000e+00,0.000000e+00,4.273475e-18,2.245361e-15,2.044055e-16,5.066608e-16,2.047728e-12,1.323324e-14,5.242559e-17,2.363457e-12,4.647133e-16,0.000000e+00,0.000000e+00,0.000000e+00,0.000000e+00,0.000000e+00,0.000000e+00,0.000000e+00,0.000000e+00,7.566892e-01,0.000000e+00,0.000000e+00,0.000000e+00,0.000000e+00,0.000000e+00
2.100000e-04,2.722228e-02,3.457161e-07,6.014651e-07,2.160377e-01,2.411558e-07,2.360608e-05,2.581480e-05,2.201396e-07,0.000000e+00,0.000000e+00,0.000000e+00,0.000000e+00,0.000000e+00,0.000000e+00,0.000000e+00,0.000000e+00,0.000000e+00,0.000000e+00,0.000000e+00,0.000000e+00,0.000000e+00,0.000000e+00,0.000000e+00,0.000000e+00,0.000000e+00,0.000000e+00,0.000000e+00,0.000000e+00,0.000000e+00,0.000000e+00,1.743681e-17,5.713204e-15,5.153699e-16,1.254586e-15,3.302376e-12,3.337094e-14,1.957847e-16,3.729764e-12,1.164019e-15,0.000000e+00,0.000000e+00,0.000000e+00,0.000000e+00,0.000000e+00,0.000000e+00,0.000000e+00,0.000000e+00,7.566892e-01,0.000000e+00,0.000000e+00,0.000000e+00,0.000000e+00,0.000000e+00
2.200000e-04,2.721988e-02,5.698210e-07,9.888526e-07,2.160103e-01,4.233739e-07,3.921275e-05,3.911557e-05,4.021461e-07,0.000000e+00,0.000000e+00,0.000000e+00,0.000000e+00,0.000000e+00,0.000000e+00,0.000000e+00,0.000000e+00,0.000000e+00,0.000000e+00,0.000000e+00,0.000000e+00,0.000000e+00,0.000000e+00,0.000000e+00,0.000000e+00,0.000000e+00,0.000000e+00,0.000000e+00,0.000000e+00,0.000000e+00,0.000000e+00,7.493456e-17,1.502223e-14,1.337354e-15,3.170195e-15,5.443023e-12,8.673794e-14,7.355677e-16,5.948786e-12,2.988458e-15,0.000000e+00,0.000000e+00,0.000000e+00,0.000000e+00,0.000000e+00,0.000000e+00,0.000000e+00,0.000000e+00,7.566892e-01,0.000000e+00,0.000000e+00,0.000000e+00,0.000000e+00,0.000000e+00
2.300000e-04,2.721569e-02,9.694638e-07,1.676311e-06,2.159652e-01,7.839607e-07,6.744547e-05,5.835122e-05,7.564537e-07,0.000000e+00,0.000000e+00,0.000000e+00,0.000000e+00,0.000000e+00,0.000000e+00,0.000000e+00,0.000000e+00,0.000000e+00,0.000000e+00,0.000000e+00,0.000000e+00,0.000000e+00,0.000000e+00,0.000000e+00,0.000000e+00,0.000000e+00,0.000000e+00,0.000000e+00,0.000000e+00,0.000000e+00,0.000000e+00,3.477034e-16,4.141772e-14,3.615806e-15,8.251056e-15,9.260295e-12,2.359275e-13,2.771290e-15,9.644246e-12,7.937574e-15,0.000000e+00,0.000000e+00,0.000000e+00,0.000000e+00,0.000000e+00,0.000000e+00,0.000000e+00,0.000000e+00,7.566892e-01,0.000000e+00,0.000000e+00,0.000000e+00,0.000000e+00,0.000000e+00
2.400000e-04,2.720798e-02,1.723900e-06,2.966326e-06,2.158890e-01,1.547671e-06,1.217011e-04,8.448942e-05,1.441001e-06,0.000000e+00,0.000000e+00,0.000000e+00,0.000000e+00,0.000000e+00,0.000000e+00,0.000000e+00,0.000000e+00,0.000000e+00,0.000000e+00,0.000000e+00,0.000000e+00,0.000000e+00,0.000000e+00,0.000000e+00,0.000000e+00,0.000000e+00,0.000000e+00,0.000000e+00,0.000000e+00,0.000000e+00,0.000000e+00,1.794949e-15,1.220420e-13,1.036309e-14,2.243354e-14,1.646611e-11,6.875344e-13,1.039388e-14,1.602580e-11,2.206999e-14,0.000000e+00,0.000000e+00,0.000000e+00,0.000000e+00,0.000000e+00,0.000000e+00,0.000000e+00,0.000000e+00,7.566892e-01,0.000000e+00,0.000000e+00,0.000000e+00,0.000000e+00,0.000000e+00
2.500000e-04,2.719289e-02,3.241215e-06,5.544808e-06,2.157547e-01,3.253332e-06,2.330099e-04,1.155461e-04,2.687038e-06,0.000000e+00,0.000000e+00,0.000000e+00,0.000000e+00,0.000000e+00,0.000000e+00,0.000000e+00,0.000000e+00,0.000000e+00,0.000000e+00,0.000000e+00,0.000000e+00,0.000000e+00,0.000000e+00,0.000000e+00,0.000000e+00,0.000000e+00,0.000000e+00,0.000000e+00,0.000000e+00,0.000000e+00,0.000000e+00,1.061860e-14,3.907816e-13,3.198318e-14,6.481052e-14,3.095722e-11,2.213004e-12,3.785559e-14,2.759885e-11,6.460756e-14,0.000000e+00,0.000000e+00,0.000000e+00,0.000000e+00,0.000000e+00,0.000000e+00,0.000000e+00,0.000000e+00,7.566892e-01,0.000000e+00,0.000000e+00,0.000000e+00,0.000000e+00,0.000000e+00
2.600000e-04,2.716165e-02,6.450708e-06,1.097547e-05,2.155040e-01,7.084578e-06,4.729372e-04,1.430718e-04,4.640747e-06,0.000000e+00,0.000000e+00,0.000000e+00,0.000000e+00,0.000000e+00,0.000000e+00,0.000000e+00,0.000000e+00,0.000000e+00,0.000000e+00,0.000000e+00,0.000000e+00,0.000000e+00,0.000000e+00,0.000000e+00,0.000000e+00,0.000000e+00,0.000000e+00,0.000000e+00,0.000000e+00,0.000000e+00,0.000000e+00,7.217871e-14,1.354487e-12,1.061458e-13,2.013159e-13,6.160493e-11,8.095970e-12,1.264523e-13,4.982506e-11,1.956282e-13,0.000000e+00,0.000000e+00,0.000000e+00,0.000000e+00,0.000000e+00,0.000000e+00,0.000000e+00,0.000000e+00,7.566892e-01,0.000000e+00,0.000000e+00,0.000000e+00,0.000000e+00,0.000000e+00
2.700000e-04,2.709548e-02,1.330620e-05,2.256770e-05,2.150069e-01,1.525135e-05,9.937242e-04,1.566891e-04,6.976721e-06,0.000000e+00,0.000000e+00,0.000000e+00,0.000000e+00,0.000000e+00,0.000000e+00,0.000000e+00,0.000000e+00,0.000000e+00,0.000000e+00,0.000000e+00,0.000000e+00,0.000000e+00,0.000000e+00,0.000000e+00,0.000000e+00,0.000000e+00,0.000000e+00,0.000000e+00,0.000000e+00,0.000000e+00,0.000000e+00,5.266323e-13,4.803965e-12,3.597069e-13,6.615778e-13,1.270492e-10,3.365915e-11,3.618481e-13,9.468858e-11,5.724904e-13,0.000000e+00,0.000000e+00,0.000000e+00,0.000000e+00,0.000000e+00,0.000000e+00,0.000000e+00,0.000000e+00,7.566892e-01,0.000000e+00,0.000000e+00,0.000000e+00,0.000000e+00,0.000000e+00
2.800000e-04,2.695706e-02,2.749465e-05,4.657401e-05,2.139855e-01,3.190785e-05,2.093099e-03,1.603447e-04,8.850911e-06,0.000000e+00,0.000000e+00,0.000000e+00,0.000000e+00,0.000000e+00,0.000000e+00,0.000000e+00,0.000000e+00,0.000000e+00,0.000000e+00,0.000000e+00,0.000000e+00,0.000000e+00,0.000000e+00,0.000000e+00,0.000000e+00,0.000000e+00,0.000000e+00,0.000000e+00,0.000000e+00,0.000000e+00,0.000000e+00,3.590456e-12,1.565475e-11,1.103621e-12,2.136241e-12,2.624122e-10,1.508487e-10,9.155005e-13,1.871957e-10,1.468632e-12,0.000000e+00,0.000000e+00,0.000000e+00,0.000000e+00,0.000000e+00,0.000000e+00,0.000000e+00,0.000000e+00,7.566892e-01,0.000000e+00,0.000000e+00,0.000000e+00,0.000000e+00,0.000000e+00
2.900000e-04,2.667486e-02,5.550226e-05,9.389755e-05,2.119029e-01,6.512312e-05,4.346112e-03,1.631067e-04,9.350495e-06,0.000000e+00,0.000000e+00,0.000000e+00,0.000000e+00,0.000000e+00,0.000000e+00,0.000000e+00,0.000000e+00,0.000000e+00,0.000000e+00,0.000000e+00,0.000000e+00,0.000000e+00,0.000000e+00,0.000000e+00,0.000000e+00,0.000000e+00,0.000000e+00,0.000000e+00,0.000000e+00,0.000000e+00,0.000000e+00,2.030214e-11,4.305689e-11,2.685080e-12,6.047031e-12,5.292891e-10,6.739838e-10,2.226060e-12,3.761648e-10,3.242381e-12,0.000000e+00,0.000000e+00,0.000000e+00,0.000000e+00,0.000000e+00,0.000000e+00,0.000000e+00,0.000000e+00,7.566892e-01,0.000000e+00,0.000000e+00,0.000000e+00,0.000000e+00,0.000000e+00
3.000000e-04,2.612359e-02,1.066252e-04,1.799857e-04,2.078154e-01,1.274923e-04,8.782294e-03,1.674812e-04,7.933419e-06,0.000000e+00,0.000000e+00,0.000000e+00,0.000000e+00,0.000000e+00,0.000000e+00,0.000000e+00,0.000000e+00,0.000000e+00,0.000000e+00,0.000000e+00,0.000000e+00,0.000000e+00,0.000000e+00,0.000000e+00,0.000000e+00,0.000000e+00,0.000000e+00,0.000000e+00,0.000000e+00,0.000000e+00,0.000000e+00,9.015359e-11,9.809088e-11,4.847668e-12,1.374173e-11,1.015347e-09,2.799063e-09,5.264129e-12,7.492355e-10,6.728658e-12,0.000000e+00,0.000000e+00,0.000000e+00,0.000000e+00,0.000000e+00,0.000000e+00,0.000000e+00,0.000000e+00,7.566892e-01,0.000000e+00,0.000000e+00,0.000000e+00,0.000000e+00,0.000000e+00
3.100000e-04,2.512821e-02,1.870700e-04,3.146306e-04,2.003665e-01,2.312316e-04,1.690324e-02,1.744350e-04,5.568911e-06,0.000000e+00,0.000000e+00,0.000000e+00,0.000000e+00,0.000000e+00,0.000000e+00,0.000000e+00,0.000000e+00,0.000000e+00,0.000000e+00,0.000000e+00,0.000000e+00,0.000000e+00,0.000000e+00,0.000000e+00,0.000000e+00,0.000000e+00,0.000000e+00,0.000000e+00,0.000000e+00,0.000000e+00,0.000000e+00,3.036090e-10,1.863787e-10,6.660394e-12,2.443163e-11,1.777584e-09,1.012890e-08,1.207428e-11,1.438019e-09,1.429621e-11,0.000000e+00,0.000000e+00,0.000000e+00,0.000000e+00,0.000000e+00,0.000000e+00,0.000000e+00,0.000000e+00,7.566891e-01,0.000000e+00,0.000000e+00,0.000000e+00,0.000000e+00,0.000000e+00
3.200000e-04,2.355099e-02,2.841882e-04,4.757240e-04,1.883868e-01,3.702396e-04,3.005485e-02,1.835592e-04,4.432568e-06,0.000000e+00,0.000000e+00,0.000000e+00,0.000000e+00,0.000000e+00,0.000000e+00,0.000000e+00,0.000000e+00,0.000000e+00,0.000000e+00,0.000000e+00,0.000000e+00,0.000000e+00,0.000000e+00,0.000000e+00,0.000000e+00,0.000000e+00,0.000000e+00,0.000000e+00,0.000000e+00,0.000000e+00,0.000000e+00,7.345401e-10,2.922751e-10,7.537151e-12,3.476279e-11,2.694470e-09,2.982932e-08,2.631962e-11,2.573220e-09,3.055949e-11,0.000000e+00,0.000000e+00,0.000000e+00,0.000000e+00,0.000000e+00,0.000000e+00,0.000000e+00,0.000000e+00,7.566891e-01,0.000000e+00,0.000000e+00,0.000000e+00,0.000000e+00,0.000000e+00
3.300000e-04,2.146567e-02,3.589146e-04,5.986284e-04,1.722383e-01,5.015308e-04,4.795082e-02,1.919632e-04,4.964332e-06,0.000000e+00,0.000000e+00,0.000000e+00,0.000000e+00,0.000000e+00,0.000000e+00,0.000000e+00,0.000000e+00,0.000000e+00,0.000000e+00,0.000000e+00,0.000000e+00,0.000000e+00,0.000000e+00,0.000000e+00,0.000000e+00,0.000000e+00,0.000000e+00,0.000000e+00,0.000000e+00,0.000000e+00,0.000000e+00,1.229239e-09,3.731300e-10,7.570106e-12,4.143050e-11,3.399949e-09,6.774661e-08,5.205131e-11,4.166963e-09,5.956997e-11,0.000000e+00,0.000000e+00,0.000000e+00,0.000000e+00,0.000000e+00,0.000000e+00,0.000000e+00,0.000000e+00,7.566891e-01,0.000000e+00,0.000000e+00,0.000000e+00,0.000000e+00,0.000000e+00
3.400000e-04,1.920151e-02,3.784561e-04,6.315353e-04,1.543543e-01,5.713198e-04,6.797167e-02,1.960222e-04,6.004461e-06,0.000000e+00,0.000000e+00,0.000000e+00,0.000000e+00,0.000000e+00,0.000000e+00,0.000000e+00,0.000000e+00,0.000000e+00,0.000000e+00,0.000000e+00,0.000000e+00,0.000000e+00,0.000000e+00,0.000000e+00,0.000000e+00,0.000000e+00,0.000000e+00,0.000000e+00,0.000000e+00,0.000000e+00,0.000000e+00,1.477109e-09,3.956111e-10,7.124975e-12,4.382702e-11,3.589691e-09,1.185199e-07,9.010777e-11,6.038010e-09,9.845727e-11,0.000000e+00,0.000000e+00,0.000000e+00,0.000000e+00,0.000000e+00,0.000000e+00,0.000000e+00,0.000000e+00,7.566891e-01,0.000000e+00,0.000000e+00,0.000000e+00,0.000000e+00,0.000000e+00
3.500000e-04,1.711231e-02,3.495359e-04,5.866630e-04,1.375906e-01,5.675745e-04,8.690252e-02,1.947769e-04,6.755238e-06,0.000000e+00,0.000000e+00,0.000000e+00,0.000000e+00,0.000000e+00,0.000000e+00,0.000000e+00,0.000000e+00,0.000000e+00,0.000000e+00,0.000000e+00,0.000000e+00,0.000000e+00,0.000000e+00,0.000000e+00,0.000000e+00,0.000000e+00,0.000000e+00,0.000000e+00,0.000000e+00,0.000000e+00,0.000000e+00,1.408710e-09,3.678983e-10,6.525673e-12,4.359068e-11,3.324856e-09,1.685208e-07,1.369578e-10,7.922587e-09,1.380637e-10,0.000000e+00,0.000000e+00,0.000000e+00,0.000000e+00,0.000000e+00,0.000000e+00,0.000000e+00,0.000000e+00,7.566891e-01,0.000000e+00,0.000000e+00,0.000000e+00,0.000000e+00,0.000000e+00
3.600000e-04,1.537110e-02,2.994058e-04,5.074054e-04,1.234795e-01,5.174696e-04,1.029389e-01,1.899141e-04,7.057908e-06,0.000000e+00,0.000000e+00,0.000000e+00,0.000000e+00,0.000000e+00,0.000000e+00,0.000000e+00,0.000000e+00,0.000000e+00,0.000000e+00,0.000000e+00,0.000000e+00,0.000000e+00,0.000000e+00,0.000000e+00,0.000000e+00,0.000000e+00,0.000000e+00,0.000000e+00,0.000000e+00,0.000000e+00,0.000000e+00,1.179325e-09,3.180141e-10,5.946647e-12,4.245894e-11,2.857344e-09,2.087025e-07,1.897751e-10,9.636687e-09,1.712445e-10,0.000000e+00,0.000000e+00,0.000000e+00,0.000000e+00,0.000000e+00,0.000000e+00,0.000000e+00,0.000000e+00,7.566890e-01,0.000000e+00,0.000000e+00,0.000000e+00,0.000000e+00,0.000000e+00
3.700000e-04,1.398771e-02,2.480016e-04,4.251000e-04,1.122102e-01,4.510127e-04,1.157981e-01,1.835138e-04,7.047766e-06,0.000000e+00,0.000000e+00,0.000000e+00,0.000000e+00,0.000000e+00,0.000000e+00,0.000000e+00,0.000000e+00,0.000000e+00,0.000000e+00,0.000000e+00,0.000000e+00,0.000000e+00,0.000000e+00,0.000000e+00,0.000000e+00,0.000000e+00,0.000000e+00,0.000000e+00,0.000000e+00,0.000000e+00,0.000000e+00,9.276301e-10,2.661644e-10,5.446795e-12,4.134925e-11,2.373845e-09,2.377149e-07,2.460085e-10,1.111291e-08,1.961359e-10,0.000000e+00,0.000000e+00,0.000000e+00,0.000000e+00,0.000000e+00,0.000000e+00,0.000000e+00,0.000000e+00,7.566890e-01,0.000000e+00,0.000000e+00,0.000000e+00,0.000000e+00,0.000000e+00
3.800000e-04,1.290392e-02,2.034001e-04,3.526820e-04,1.033627e-01,3.853452e-04,1.259188e-01,1.769186e-04,6.892189e-06,0.000000e+00,0.000000e+00,0.000000e+00,0.000000e+00,0.000000e+00,0.000000e+00,0.000000e+00,0.000000e+00,0.000000e+00,0.000000e+00,0.000000e+00,0.000000e+00,0.000000e+00,0.000000e+00,0.000000e+00,0.000000e+00,0.000000e+00,0.000000e+00,0.000000e+00,0.000000e+00,0.000000e+00,0.000000e+00,7.117550e-10,2.207115e-10,5.031342e-12,4.057046e-11,1.951744e-09,2.577652e-07,3.017819e-10,1.235481e-08,2.138642e-10,0.000000e+00,0.000000e+00,0.000000e+00,0.000000e+00,0.000000e+00,0.000000e+00,0.000000e+00,0.000000e+00,7.566890e-01,0.000000e+00,0.000000e+00,0.000000e+00,0.000000e+00,0.000000e+00
3.900000e-04,1.205222e-02,1.670970e-04,2.928764e-04,9.640661e-02,3.271569e-04,1.338873e-01,1.707543e-04,6.703716e-06,0.000000e+00,0.000000e+00,0.000000e+00,0.000000e+00,0.000000e+00,0.000000e+00,0.000000e+00,0.000000e+00,0.000000e+00,0.000000e+00,0.000000e+00,0.000000e+00,0.000000e+00,0.000000e+00,0.000000e+00,0.000000e+00,0.000000e+00,0.000000e+00,0.000000e+00,0.000000e+00,0.000000e+00,0.000000e+00,5.428291e-10,1.834299e-10,4.688606e-12,4.016418e-11,1.606566e-09,2.714727e-07,3.783383e-10,1.339279e-08,2.262864e-10,0.000000e+00,0.000000e+00,0.000000e+00,0.000000e+00,0.000000e+00,0.000000e+00,0.000000e+00,0.000000e+00,7.566890e-01,0.000000e+00,0.000000e+00,0.000000e+00,0.000000e+00,0.000000e+00
4.000000e-04,1.137588e-02,1.381865e-04,2.445715e-04,9.088483e-02,2.778602e-04,1.402176e-01,1.652529e-04,6.542014e-06,0.000000e+00,0.000000e+00,0.000000e+00,0.000000e+00,0.000000e+00,0.000000e+00,0.000000e+00,0.000000e+00,0.000000e+00,0.000000e+00,0.000000e+00,0.000000e+00,0.000000e+00,0.000000e+00,0.000000e+00,0.000000e+00,0.000000e+00,0.000000e+00,0.000000e+00,0.000000e+00,0.000000e+00,0.000000e+00,4.152264e-10,1.536084e-10,4.404632e-12,4.008673e-11,1.330687e-09,2.809166e-07,4.407554e-10,1.426175e-08,2.348737e-10,0.000000e+00,0.000000e+00,0.000000e+00,0.000000e+00,0.000000e+00,0.000000e+00,0.000000e+00,0.000000e+00,7.566890e-01,0.000000e+00,0.000000e+00,0.000000e+00,0.000000e+00,0.000000e+00
4.100000e-04,1.083188e-02,1.152352e-04,2.057135e-04,8.644685e-02,2.368213e-04,1.453073e-01,1.604355e-04,6.433922e-06,0.000000e+00,0.000000e+00,0.000000e+00,0.000000e+00,0.000000e+00,0.000000e+00,0.000000e+00,0.000000e+00,0.000000e+00,0.000000e+00,0.000000e+00,0.000000e+00,0.000000e+00,0.000000e+00,0.000000e+00,0.000000e+00,0.000000e+00,0.000000e+00,0.000000e+00,0.000000e+00,0.000000e+00,0.000000e+00,3.199104e-10,1.299245e-10,4.167590e-12,4.027907e-11,1.111056e-09,2.874932e-07,5.161977e-10,1.499302e-08,2.408321e-10,0.000000e+00,0.000000e+00,0.000000e+00,0.000000e+00,0.000000e+00,0.000000e+00,0.000000e+00,0.000000e+00,7.566890e-01,0.000000e+00,0.000000e+00,0.000000e+00,0.000000e+00,0.000000e+00
4.200000e-04,1.038865e-02,9.691930e-05,1.743266e-04,8.283416e-02,2.028069e-04,1.494512e-01,1.562524e-04,6.389026e-06,0.000000e+00,0.000000e+00,0.000000e+00,0.000000e+00,0.000000e+00,0.000000e+00,0.000000e+00,0.000000e+00,0.000000e+00,0.000000e+00,0.000000e+00,0.000000e+00,0.000000e+00,0.000000e+00,0.000000e+00,0.000000e+00,0.000000e+00,0.000000e+00,0.000000e+00,0.000000e+00,0.000000e+00,0.000000e+00,2.487348e-10,1.111041e-10,3.968421e-12,4.068861e-11,9.353937e-10,2.921395e-07,5.987367e-10,1.561240e-08,2.449222e-10,0.000000e+00,0.000000e+00,0.000000e+00,0.000000e+00,0.000000e+00,0.000000e+00,0.000000e+00,0.000000e+00,7.566890e-01,0.000000e+00,0.000000e+00,0.000000e+00,0.000000e+00,0.000000e+00
4.300000e-04,1.002316e-02,8.217449e-05,1.487819e-04,7.985780e-02,1.745639e-04,1.528652e-01,1.526279e-04,6.408700e-06,0.000000e+00,0.000000e+00,0.000000e+00,0.000000e+00,0.000000e+00,0.000000e+00,0.000000e+00,0.000000e+00,0.000000e+00,0.000000e+00,0.000000e+00,0.000000e+00,0.000000e+00,0.000000e+00,0.000000e+00,0.000000e+00,0.000000e+00,0.000000e+00,0.000000e+00,0.000000e+00,0.000000e+00,0.000000e+00,1.953451e-10,9.609778e-11,3.800519e-12,4.127381e-11,7.937293e-10,2.954636e-07,6.921227e-10,1.614051e-08,2.476869e-10,0.000000e+00,0.000000e+00,0.000000e+00,0.000000e+00,0.000000e+00,0.000000e+00,0.000000e+00,0.000000e+00,7.566890e-01,0.000000e+00,0.000000e+00,0.000000e+00,0.000000e+00,0.000000e+00
4.400000e-04,9.718492e-03,7.018620e-05,1.278086e-04,7.737889e-02,1.510019e-04,1.557083e-01,1.494842e-04,6.490805e-06,0.000000e+00,0.000000e+00,0.000000e+00,0.000000e+00,0.000000e+00,0.000000e+00,0.000000e+00,0.000000e+00,0.000000e+00,0.000000e+00,0.000000e+00,0.000000e+00,0.000000e+00,0.000000e+00,0.000000e+00,0.000000e+00,0.000000e+00,0.000000e+00,0.000000e+00,0.000000e+00,0.000000e+00,0.000000e+00,1.550331e-10,8.408544e-11,3.659114e-12,4.200348e-11,6.783827e-10,2.978566e-07,8.139796e-10,1.659365e-08,2.495836e-10,0.000000e+00,0.000000e+00,0.000000e+00,0.000000e+00,0.000000e+00,0.000000e+00,0.000000e+00,0.000000e+00,7.566890e-01,0.000000e+00,0.000000e+00,0.000000e+00,0.000000e+00,0.000000e+00
4.500000e-04,9.462077e-03,6.034138e-05,1.104338e-04,7.529427e-02,1.312276e-04,1.580989e-01,1.467492e-04,6.631975e-06,0.000000e+00,0.000000e+00,0.000000e+00,0.000000e+00,0.000000e+00,0.000000e+00,0.000000e+00,0.000000e+00,0.000000e+00,0.000000e+00,0.000000e+00,0.000000e+00,0.000000e+00,0.000000e+00,0.000000e+00,0.000000e+00,0.000000e+00,0.000000e+00,0.000000e+00,0.000000e+00,0.000000e+00,0.000000e+00,1.243657e-10,7.442146e-11,3.540775e-12,4.285496e-11,5.835474e-10,2.996146e-07,9.236736e-10,1.698471e-08,2.506793e-10,0.000000e+00,0.000000e+00,0.000000e+00,0.000000e+00,0.000000e+00,0.000000e+00,0.000000e+00,0.000000e+00,7.566890e-01,0.000000e+00,0.000000e+00,0.000000e+00,0.000000e+00,0.000000e+00
4.600000e-04,9.244452e-03,5.217938e-05,9.591638e-05,7.352628e-02,1.145277e-04,1.601261e-01,1.443655e-04,6.828670e-06,0.000000e+00,0.000000e+00,0.000000e+00,0.000000e+00,0.000000e+00,0.000000e+00,0.000000e+00,0.000000e+00,0.000000e+00,0.000000e+00,0.000000e+00,0.000000e+00,0.000000e+00,0.000000e+00,0.000000e+00,0.000000e+00,0.000000e+00,0.000000e+00,0.000000e+00,0.000000e+00,0.000000e+00,0.000000e+00,1.008869e-10,6.671733e-11,3.443813e-12,4.381200e-11,5.048456e-10,3.009509e-07,9.746981e-10,1.732397e-08,2.506052e-10,0.000000e+00,0.000000e+00,0.000000e+00,0.000000e+00,0.000000e+00,0.000000e+00,0.000000e+00,0.000000e+00,7.566890e-01,0.000000e+00,0.000000e+00,0.000000e+00,0.000000e+00,0.000000e+00
4.700000e-04,9.058383e-03,4.535277e-05,8.368910e-05,7.201564e-02,1.003328e-04,1.618579e-01,1.422776e-04,7.077617e-06,0.000000e+00,0.000000e+00,0.000000e+00,0.000000e+00,0.000000e+00,0.000000e+00,0.000000e+00,0.000000e+00,0.000000e+00,0.000000e+00,0.000000e+00,0.000000e+00,0.000000e+00,0.000000e+00,0.000000e+00,0.000000e+00,0.000000e+00,0.000000e+00,0.000000e+00,0.000000e+00,0.000000e+00,0.000000e+00,8.276236e-11,6.046610e-11,3.366608e-12,4.486424e-11,4.389660e-10,3.015893e-07,1.579336e-09,1.761966e-08,2.529477e-10,0.000000e+00,0.000000e+00,0.000000e+00,0.000000e+00,0.000000e+00,0.000000e+00,0.000000e+00,0.000000e+00,7.566890e-01,0.000000e+00,0.000000e+00,0.000000e+00,0.000000e+00,0.000000e+00
4.800000e-04,8.898268e-03,3.959665e-05,7.331528e-05,7.071644e-02,8.819963e-05,1.633470e-01,1.404385e-04,7.375927e-06,0.000000e+00,0.000000e+00,0.000000e+00,0.000000e+00,0.000000e+00,0.000000e+00,0.000000e+00,0.000000e+00,0.000000e+00,0.000000e+00,0.000000e+00,0.000000e+00,0.000000e+00,0.000000e+00,0.000000e+00,0.000000e+00,0.000000e+00,0.000000e+00,0.000000e+00,0.000000e+00,0.000000e+00,0.000000e+00,6.862942e-11,5.546841e-11,3.306646e-12,4.600430e-11,3.833785e-10,3.025774e-07,1.278003e-09,1.787845e-08,2.504868e-10,0.000000e+00,0.000000e+00,0.000000e+00,0.000000e+00,0.000000e+00,0.000000e+00,0.000000e+00,0.000000e+00,7.566890e-01,0.000000e+00,0.000000e+00,0.000000e+00,0.000000e+00,0.000000e+00
4.900000e-04,8.759710e-03,3.470775e-05,6.445532e-05,6.959273e-02,7.776789e-05,1.646348e-01,1.388168e-04,7.721182e-06,0.000000e+00,0.000000e+00,0.000000e+00,0.000000e+00,0.000000e+00,0.000000e+00,0.000000e+00,0.000000e+00,0.000000e+00,0.000000e+00,0.000000e+00,0.000000e+00,0.000000e+00,0.000000e+00,0.000000e+00,0.000000e+00,0.000000e+00,0.000000e+00,0.000000e+00,0.000000e+00,0.000000e+00,0.000000e+00,5.756078e-11,5.149710e-11,3.264066e-12,4.722771e-11,3.361376e-10,3.030832e-07,1.432832e-09,1.810577e-08,2.497988e-10,0.000000e+00,0.000000e+00,0.000000e+00,0.000000e+00,0.000000e+00,0.000000e+00,0.000000e+00,0.000000e+00,7.566890e-01,0.000000e+00,0.000000e+00,0.000000e+00,0.000000e+00,0.000000e+00
5.000000e-04,8.639215e-03,3.052793e-05,5.684284e-05,6.861594e-02,6.875405e-05,1.657539e-01,1.373795e-04,8.111359e-06,0.000000e+00,0.000000e+00,0.000000e+00,0.000000e+00,0.000000e+00,0.000000e+00,0.000000e+00,0.000000e+00,0.000000e+00,0.000000e+00,0.000000e+00,0.000000e+00,0.000000e+00,0.000000e+00,0.000000e+00,0.000000e+00,0.000000e+00,0.000000e+00,0.000000e+00,0.000000e+00,0.000000e+00,0.000000e+00,4.882338e-11,4.837042e-11,3.238484e-12,4.853322e-11,2.957281e-10,3.034418e-07,1.602900e-09,1.830610e-08,2.488458e-10,0.000000e+00,0.000000e+00,0.000000e+00,0.000000e+00,0.000000e+00,0.000000e+00,0.000000e+00,0.000000e+00,7.566890e-01,0.000000e+00,0.000000e+00,0.000000e+00,0.000000e+00,0.000000e+00
5.100000e-04,8.533976e-03,2.693323e-05,5.026695e-05,6.776315e-02,6.092918e-05,1.667308e-01,1.361004e-04,8.544765e-06,0.000000e+00,0.000000e+00,0.000000e+00,0.000000e+00,0.000000e+00,0.000000e+00,0.000000e+00,0.000000e+00,0.000000e+00,0.000000e+00,0.000000e+00,0.000000e+00,0.000000e+00,0.000000e+00,0.000000e+00,0.000000e+00,0.000000e+00,0.000000e+00,0.000000e+00,0.000000e+00,0.000000e+00,0.000000e+00,4.186551e-11,4.594637e-11,3.229157e-12,4.992121e-11,2.609601e-10,3.036817e-07,1.795303e-09,1.848313e-08,2.476832e-10,0.000000e+00,0.000000e+00,0.000000e+00,0.000000e+00,0.000000e+00,0.000000e+00,0.000000e+00,0.000000e+00,7.566890e-01,0.000000e+00,0.000000e+00,0.000000e+00,0.000000e+00,0.000000e+00
5.200000e-04,8.441716e-03,2.382530e-05,4.455894e-05,6.701576e-02,5.410775e-05,1.675867e-01,1.349572e-04,9.019979e-06,0.000000e+00,0.000000e+00,0.000000e+00,0.000000e+00,0.000000e+00,0.000000e+00,0.000000e+00,0.000000e+00,0.000000e+00,0.000000e+00,0.000000e+00,0.000000e+00,0.000000e+00,0.000000e+00,0.000000e+00,0.000000e+00,0.000000e+00,0.000000e+00,0.000000e+00,0.000000e+00,0.000000e+00,0.000000e+00,3.627542e-11,4.410565e-11,3.235526e-12,5.139337e-11,2.308886e-10,3.038467e-07,1.980760e-09,1.863998e-08,2.462220e-10,0.000000e+00,0.000000e+00,0.000000e+00,0.000000e+00,0.000000e+00,0.000000e+00,0.000000e+00,0.000000e+00,7.566890e-01,0.000000e+00,0.000000e+00,0.000000e+00,0.000000e+00,0.000000e+00
5.300000e-04,8.360565e-03,2.112546e-05,3.958281e-05,6.635856e-02,4.813835e-05,1.683392e-01,1.339318e-04,9.535792e-06,0.000000e+00,0.000000e+00,0.000000e+00,0.000000e+00,0.000000e+00,0.000000e+00,0.000000e+00,0.000000e+00,0.000000e+00,0.000000e+00,0.000000e+00,0.000000e+00,0.000000e+00,0.000000e+00,0.000000e+00,0.000000e+00,0.000000e+00,0.000000e+00,0.000000e+00,0.000000e+00,0.000000e+00,0.000000e+00,3.173555e-11,4.276650e-11,3.256795e-12,5.295231e-11,2.047570e-10,3.038945e-07,2.251442e-09,1.877925e-08,2.447886e-10,0.000000e+00,0.000000e+00,0.000000e+00,0.000000e+00,0.000000e+00,0.000000e+00,0.000000e+00,0.000000e+00,7.566890e-01,0.000000e+00,0.000000e+00,0.000000e+00,0.000000e+00,0.000000e+00
5.400000e-04,8.288980e-03,1.877013e-05,3.522779e-05,6.577895e-02,4.289677e-05,1.690028e-01,1.330067e-04,1.009116e-05,0.000000e+00,0.000000e+00,0.000000e+00,0.000000e+00,0.000000e+00,0.000000e+00,0.000000e+00,0.000000e+00,0.000000e+00,0.000000e+00,0.000000e+00,0.000000e+00,0.000000e+00,0.000000e+00,0.000000e+00,0.000000e+00,0.000000e+00,0.000000e+00,0.000000e+00,0.000000e+00,0.000000e+00,0.000000e+00,2.802343e-11,4.183567e-11,3.293488e-12,5.460168e-11,1.819533e-10,3.039710e-07,2.405990e-09,1.890317e-08,2.426795e-10,0.000000e+00,0.000000e+00,0.000000e+00,0.000000e+00,0.000000e+00,0.000000e+00,0.000000e+00,0.000000e+00,7.566890e-01,0.000000e+00,0.000000e+00,0.000000e+00,0.000000e+00,0.000000e+00
5.500000e-04,8.225671e-03,1.670751e-05,3.140305e-05,6.526644e-02,3.827931e-05,1.695893e-01,1.321690e-04,1.068513e-05,0.000000e+00,0.000000e+00,0.000000e+00,0.000000e+00,0.000000e+00,0.000000e+00,0.000000e+00,0.000000e+00,0.000000e+00,0.000000e+00,0.000000e+00,0.000000e+00,0.000000e+00,0.000000e+00,0.000000e+00,0.000000e+00,0.000000e+00,0.000000e+00,0.000000e+00,0.000000e+00,0.000000e+00,0.000000e+00,2.494478e-11,4.116517e-11,3.339594e-12,5.634468e-11,1.619784e-10,3.039067e-07,2.718541e-09,1.901360e-08,2.412537e-10,0.000000e+00,0.000000e+00,0.000000e+00,0.000000e+00,0.000000e+00,0.000000e+00,0.000000e+00,0.000000e+00,7.566890e-01,0.000000e+00,0.000000e+00,0.000000e+00,0.000000e+00,0.000000e+00
5.600000e-04,8.169558e-03,1.489494e-05,2.803344e-05,6.481224e-02,3.420134e-05,1.701090e-01,1.314128e-04,1.131694e-05,0.000000e+00,0.000000e+00,0.000000e+00,0.000000e+00,0.000000e+00,0.000000e+00,0.000000e+00,0.000000e+00,0.000000e+00,0.000000e+00,0.000000e+00,0.000000e+00,0.000000e+00,0.000000e+00,0.000000e+00,0.000000e+00,0.000000e+00,0.000000e+00,0.000000e+00,0.000000e+00,0.000000e+00,0.000000e+00,2.229258e-11,4.131418e-11,3.410082e-12,5.818508e-11,1.444211e-10,3.032108e-07,3.951770e-09,1.911217e-08,2.407995e-10,0.000000e+00,0.000000e+00,0.000000e+00,0.000000e+00,0.000000e+00,0.000000e+00,0.000000e+00,0.000000e+00,7.566890e-01,0.000000e+00,0.000000e+00,0.000000e+00,0.000000e+00,0.000000e+00
5.700000e-04,8.119724e-03,1.329742e-05,2.505660e-05,6.440892e-02,3.058988e-05,1.705704e-01,1.307097e-04,1.198565e-05,0.000000e+00,0.000000e+00,0.000000e+00,0.000000e+00,0.000000e+00,0.000000e+00,0.000000e+00,0.000000e+00,0.000000e+00,0.000000e+00,0.000000e+00,0.000000e+00,0.000000e+00,0.000000e+00,0.000000e+00,0.000000e+00,0.000000e+00,0.000000e+00,0.000000e+00,0.000000e+00,0.000000e+00,0.000000e+00,2.016165e-11,4.085984e-11,3.486681e-12,6.013706e-11,1.289437e-10,3.036355e-07,3.438733e-09,1.920027e-08,2.369892e-10,0.000000e+00,0.000000e+00,0.000000e+00,0.000000e+00,0.000000e+00,0.000000e+00,0.000000e+00,0.000000e+00,7.566890e-01,0.000000e+00,0.000000e+00,0.000000e+00,0.000000e+00,0.000000e+00
5.800000e-04,8.075393e-03,1.188540e-05,2.242004e-05,6.405015e-02,2.738488e-05,1.709807e-01,1.300670e-04,1.269047e-05,0.000000e+00,0.000000e+00,0.000000e+00,0.000000e+00,0.000000e+00,0.000000e+00,0.000000e+00,0.000000e+00,0.000000e+00,0.000000e+00,0.000000e+00,0.000000e+00,0.000000e+00,0.000000e+00,0.000000e+00,0.000000e+00,0.000000e+00,0.000000e+00,0.000000e+00,0.000000e+00,0.000000e+00,0.000000e+00,1.825475e-11,4.098732e-11,3.563514e-12,6.218928e-11,1.152613e-10,3.034812e-07,3.782563e-09,1.927910e-08,2.345192e-10,0.000000e+00,0.000000e+00,0.000000e+00,0.000000e+00,0.000000e+00,0.000000e+00,0.000000e+00,0.000000e+00,7.566890e-01,0.000000e+00,0.000000e+00,0.000000e+00,0.000000e+00,0.000000e+00
5.900000e-04,8.035899e-03,1.063436e-05,2.007962e-05,6.373053e-02,2.453438e-05,1.713461e-01,1.294712e-04,1.343061e-05,0.000000e+00,0.000000e+00,0.000000e+00,0.000000e+00,0.000000e+00,0.000000e+00,0.000000e+00,0.000000e+00,0.000000e+00,0.000000e+00,0.000000e+00,0.000000e+00,0.000000e+00,0.000000e+00,0.000000e+00,0.000000e+00,0.000000e+00,0.000000e+00,0.000000e+00,0.000000e+00,0.000000e+00,0.000000e+00,1.660109e-11,4.126528e-11,3.653223e-12,6.434615e-11,1.031367e-10,3.033030e-07,4.141194e-09,1.934972e-08,2.318084e-10,0.000000e+00,0.000000e+00,0.000000e+00,0.000000e+00,0.000000e+00,0.000000e+00,0.000000e+00,0.000000e+00,7.566890e-01,0.000000e+00,0.000000e+00,0.000000e+00,0.000000e+00,0.000000e+00
6.000000e-04,8.000668e-03,9.523469e-06,1.799790e-05,6.344542e-02,2.199486e-05,1.716720e-01,1.289150e-04,1.420525e-05,0.000000e+00,0.000000e+00,0.000000e+00,0.000000e+00,0.000000e+00,0.000000e+00,0.000000e+00,0.000000e+00,0.000000e+00,0.000000e+00,0.000000e+00,0.000000e+00,0.000000e+00,0.000000e+00,0.000000e+00,0.000000e+00,0.000000e+00,0.000000e+00,0.000000e+00,0.000000e+00,0.000000e+00,0.000000e+00,1.514221e-11,4.164751e-11,3.751162e-12,6.661198e-11,9.236889e-11,3.030770e-07,4.555545e-09,1.941303e-08,2.290531e-10,0.000000e+00,0.000000e+00,0.000000e+00,0.000000e+00,0.000000e+00,0.000000e+00,0.000000e+00,0.000000e+00,7.566890e-01,0.000000e+00,0.000000e+00,0.000000e+00,0.000000e+00,0.000000e+00
6.100000e-04,7.969207e-03,8.535095e-06,1.614294e-05,6.319079e-02,1.972870e-05,1.719629e-01,1.283917e-04,1.501350e-05,0.000000e+00,0.000000e+00,0.000000e+00,0.000000e+00,0.000000e+00,0.000000e+00,0.000000e+00,0.000000e+00,0.000000e+00,0.000000e+00,0.000000e+00,0.000000e+00,0.000000e+00,0.000000e+00,0.000000e+00,0.000000e+00,0.000000e+00,0.000000e+00,0.000000e+00,0.000000e+00,0.000000e+00,0.000000e+00,1.383892e-11,4.210850e-11,3.854647e-12,6.898861e-11,8.278746e-11,3.028186e-07,5.005591e-09,1.946983e-08,2.261271e-10,0.000000e+00,0.000000e+00,0.000000e+00,0.000000e+00,0.000000e+00,0.000000e+00,0.000000e+00,0.000000e+00,7.566890e-01,0.000000e+00,0.000000e+00,0.000000e+00,0.000000e+00,0.000000e+00
6.200000e-04,7.941085e-03,7.654178e-06,1.448738e-05,6.296318e-02,1.770352e-05,1.722228e-01,1.278953e-04,1.585445e-05,0.000000e+00,0.000000e+00,0.000000e+00,0.000000e+00,0.000000e+00,0.000000e+00,0.000000e+00,0.000000e+00,0.000000e+00,0.000000e+00,0.000000e+00,0.000000e+00,0.000000e+00,0.000000e+00,0.000000e+00,0.000000e+00,0.000000e+00,0.000000e+00,0.000000e+00,0.000000e+00,0.000000e+00,0.000000e+00,1.266435e-11,4.261466e-11,3.961587e-12,7.147650e-11,7.424678e-11,3.025215e-07,5.503723e-09,1.952083e-08,2.231082e-10,0.000000e+00,0.000000e+00,0.000000e+00,0.000000e+00,0.000000e+00,0.000000e+00,0.000000e+00,0.000000e+00,7.566890e-01,0.000000e+00,0.000000e+00,0.000000e+00,0.000000e+00,0.000000e+00
6.300000e-04,7.915928e-03,6.867801e-06,1.300765e-05,6.275955e-02,1.589138e-05,1.724553e-01,1.274203e-04,1.672710e-05,0.000000e+00,0.000000e+00,0.000000e+00,0.000000e+00,0.000000e+00,0.000000e+00,0.000000e+00,0.000000e+00,0.000000e+00,0.000000e+00,0.000000e+00,0.000000e+00,0.000000e+00,0.000000e+00,0.000000e+00,0.000000e+00,0.000000e+00,0.000000e+00,0.000000e+00,0.000000e+00,0.000000e+00,0.000000e+00,1.159614e-11,4.314232e-11,4.070006e-12,7.407486e-11,6.662193e-11,3.021944e-07,6.039145e-09,1.956665e-08,2.199165e-10,0.000000e+00,0.000000e+00,0.000000e+00,0.000000e+00,0.000000e+00,0.000000e+00,0.000000e+00,0.000000e+00,7.566890e-01,0.000000e+00,0.000000e+00,0.000000e+00,0.000000e+00,0.000000e+00
6.400000e-04,7.893410e-03,6.164838e-06,1.168339e-05,6.257725e-02,1.426801e-05,1.726633e-01,1.269615e-04,1.763040e-05,0.000000e+00,0.000000e+00,0.000000e+00,0.000000e+00,0.000000e+00,0.000000e+00,0.000000e+00,0.000000e+00,0.000000e+00,0.000000e+00,0.000000e+00,0.000000e+00,0.000000e+00,0.000000e+00,0.000000e+00,0.000000e+00,0.000000e+00,0.000000e+00,0.000000e+00,0.000000e+00,0.000000e+00,0.000000e+00,1.062035e-11,4.365901e-11,4.178052e-12,7.678175e-11,5.980528e-11,3.018467e-07,6.598959e-09,1.960783e-08,2.165554e-10,0.000000e+00,0.000000e+00,0.000000e+00,0.000000e+00,0.000000e+00,0.000000e+00,0.000000e+00,0.000000e+00,7.566890e-01,0.000000e+00,0.000000e+00,0.000000e+00,0.000000e+00,0.000000e+00
6.500000e-04,7.873243e-03,5.535666e-06,1.049693e-05,6.241395e-02,1.281220e-05,1.728496e-01,1.265143e-04,1.856320e-05,0.000000e+00,0.000000e+00,0.000000e+00,0.000000e+00,0.000000e+00,0.000000e+00,0.000000e+00,0.000000e+00,0.000000e+00,0.000000e+00,0.000000e+00,0.000000e+00,0.000000e+00,0.000000e+00,0.000000e+00,0.000000e+00,0.000000e+00,0.000000e+00,0.000000e+00,0.000000e+00,0.000000e+00,0.000000e+00,9.722776e-12,4.411358e-11,4.282564e-12,7.959378e-11,5.370369e-11,3.014722e-07,7.194214e-09,1.964486e-08,2.131720e-10,0.000000e+00,0.000000e+00,0.000000e+00,0.000000e+00,0.000000e+00,0.000000e+00,0.000000e+00,0.000000e+00,7.566890e-01,0.000000e+00,0.000000e+00,0.000000e+00,0.000000e+00,0.000000e+00
6.600000e-04,7.855174e-03,4.971909e-06,9.432848e-06,6.226761e-02,1.150562e-05,1.730164e-01,1.260752e-04,1.952432e-05,0.000000e+00,0.000000e+00,0.000000e+00,0.000000e+00,0.000000e+00,0.000000e+00,0.000000e+00,0.000000e+00,0.000000e+00,0.000000e+00,0.000000e+00,0.000000e+00,0.000000e+00,0.000000e+00,0.000000e+00,0.000000e+00,0.000000e+00,0.000000e+00,0.000000e+00,0.000000e+00,0.000000e+00,0.000000e+00,8.908212e-12,4.470050e-11,4.386195e-12,8.250646e-11,4.823609e-11,3.006657e-07,8.442746e-09,1.967816e-08,2.123345e-10,0.000000e+00,0.000000e+00,0.000000e+00,0.000000e+00,0.000000e+00,0.000000e+00,0.000000e+00,0.000000e+00,7.566890e-01,0.000000e+00,0.000000e+00,0.000000e+00,0.000000e+00,0.000000e+00
6.700000e-04,7.838980e-03,4.466292e-06,8.477692e-06,6.213643e-02,1.033210e-05,1.731658e-01,1.256383e-04,2.051245e-05,0.000000e+00,0.000000e+00,0.000000e+00,0.000000e+00,0.000000e+00,0.000000e+00,0.000000e+00,0.000000e+00,0.000000e+00,0.000000e+00,0.000000e+00,0.000000e+00,0.000000e+00,0.000000e+00,0.000000e+00,0.000000e+00,0.000000e+00,0.000000e+00,0.000000e+00,0.000000e+00,0.000000e+00,0.000000e+00,8.178705e-12,4.498722e-11,4.488886e-12,8.552013e-11,4.333205e-11,3.002827e-07,9.042662e-09,1.970812e-08,2.089650e-10,0.000000e+00,0.000000e+00,0.000000e+00,0.000000e+00,0.000000e+00,0.000000e+00,0.000000e+00,0.000000e+00,7.566890e-01,0.000000e+00,0.000000e+00,0.000000e+00,0.000000e+00,0.000000e+00
6.800000e-04,7.824464e-03,4.012426e-06,7.619657e-06,6.201881e-02,9.277284e-06,1.732998e-01,1.252018e-04,2.152624e-05,0.000000e+00,0.000000e+00,0.000000e+00,0.000000e+00,0.000000e+00,0.000000e+00,0.000000e+00,0.000000e+00,0.000000e+00,0.000000e+00,0.000000e+00,0.000000e+00,0.000000e+00,0.000000e+00,0.000000e+00,0.000000e+00,0.000000e+00,0.000000e+00,0.000000e+00,0.000000e+00,0.000000e+00,0.000000e+00,7.474174e-12,4.559268e-11,4.583794e-12,8.862656e-11,3.892970e-11,2.988905e-07,1.117462e-08,1.973508e-08,2.130538e-10,0.000000e+00,0.000000e+00,0.000000e+00,0.000000e+00,0.000000e+00,0.000000e+00,0.000000e+00,0.000000e+00,7.566890e-01,0.000000e+00,0.000000e+00,0.000000e+00,0.000000e+00,0.000000e+00
6.900000e-04,7.811450e-03,3.604749e-06,6.848359e-06,6.191334e-02,8.328548e-06,1.734198e-01,1.247595e-04,2.256422e-05,0.000000e+00,0.000000e+00,0.000000e+00,0.000000e+00,0.000000e+00,0.000000e+00,0.000000e+00,0.000000e+00,0.000000e+00,0.000000e+00,0.000000e+00,0.000000e+00,0.000000e+00,0.000000e+00,0.000000e+00,0.000000e+00,0.000000e+00,0.000000e+00,0.000000e+00,0.000000e+00,0.000000e+00,0.000000e+00,6.942451e-12,4.536860e-11,4.674953e-12,9.182802e-11,3.497515e-11,2.982819e-07,1.210724e-08,1.975935e-08,2.153983e-10,0.000000e+00,0.000000e+00,0.000000e+00,0.000000e+00,0.000000e+00,0.000000e+00,0.000000e+00,0.000000e+00,7.566890e-01,0.000000e+00,0.000000e+00,0.000000e+00,0.000000e+00,0.000000e+00
7.000000e-04,7.799783e-03,3.238234e-06,6.154636e-06,6.181876e-02,7.476269e-06,1.735273e-01,1.243102e-04,2.362488e-05,0.000000e+00,0.000000e+00,0.000000e+00,0.000000e+00,0.000000e+00,0.000000e+00,0.000000e+00,0.000000e+00,0.000000e+00,0.000000e+00,0.000000e+00,0.000000e+00,0.000000e+00,0.000000e+00,0.000000e+00,0.000000e+00,0.000000e+00,0.000000e+00,0.000000e+00,0.000000e+00,0.000000e+00,0.000000e+00,6.035571e-12,4.616895e-11,4.756535e-12,9.511051e-11,3.141973e-11,2.979545e-07,1.263835e-08,1.978118e-08,1.951195e-10,0.000000e+00,0.000000e+00,0.000000e+00,0.000000e+00,0.000000e+00,0.000000e+00,0.000000e+00,0.000000e+00,7.566890e-01,0.000000e+00,0.000000e+00,0.000000e+00,0.000000e+00,0.000000e+00
7.100000e-04,7.789325e-03,2.908687e-06,5.530401e-06,6.173395e-02,6.708344e-06,1.736237e-01,1.238490e-04,2.470661e-05,0.000000e+00,0.000000e+00,0.000000e+00,0.000000e+00,0.000000e+00,0.000000e+00,0.000000e+00,0.000000e+00,0.000000e+00,0.000000e+00,0.000000e+00,0.000000e+00,0.000000e+00,0.000000e+00,0.000000e+00,0.000000e+00,0.000000e+00,0.000000e+00,0.000000e+00,0.000000e+00,0.000000e+00,0.000000e+00,5.431431e-12,4.620393e-11,4.789690e-12,9.845307e-11,2.822278e-11,2.974524e-07,1.341483e-08,1.980084e-08,1.899404e-10,0.000000e+00,0.000000e+00,0.000000e+00,0.000000e+00,0.000000e+00,0.000000e+00,0.000000e+00,0.000000e+00,7.566890e-01,0.000000e+00,0.000000e+00,0.000000e+00,0.000000e+00,0.000000e+00
7.200000e-04,7.779951e-03,2.612203e-06,4.968488e-06,6.165792e-02,6.017078e-06,1.737100e-01,1.233733e-04,2.580772e-05,0.000000e+00,0.000000e+00,0.000000e+00,0.000000e+00,0.000000e+00,0.000000e+00,0.000000e+00,0.000000e+00,0.000000e+00,0.000000e+00,0.000000e+00,0.000000e+00,0.000000e+00,0.000000e+00,0.000000e+00,0.000000e+00,0.000000e+00,0.000000e+00,0.000000e+00,0.000000e+00,0.000000e+00,0.000000e+00,5.003280e-12,4.576148e-11,4.837489e-12,1.018363e-10,2.534646e-11,2.968089e-07,1.440419e-08,1.981853e-08,1.869915e-10,0.000000e+00,0.000000e+00,0.000000e+00,0.000000e+00,0.000000e+00,0.000000e+00,0.000000e+00,0.000000e+00,7.566890e-01,0.000000e+00,0.000000e+00,0.000000e+00,0.000000e+00,0.000000e+00
7.300000e-04,7.771551e-03,2.345374e-06,4.462535e-06,6.158976e-02,5.394811e-06,1.737873e-01,1.228803e-04,2.692647e-05,0.000000e+00,0.000000e+00,0.000000e+00,0.000000e+00,0.000000e+00,0.000000e+00,0.000000e+00,0.000000e+00,0.000000e+00,0.000000e+00,0.000000e+00,0.000000e+00,0.000000e+00,0.000000e+00,0.000000e+00,0.000000e+00,0.000000e+00,0.000000e+00,0.000000e+00,0.000000e+00,0.000000e+00,0.000000e+00,4.496385e-12,4.547737e-11,4.852495e-12,1.052606e-10,2.275776e-11,2.960354e-07,1.559223e-08,1.983444e-08,1.836366e-10,0.000000e+00,0.000000e+00,0.000000e+00,0.000000e+00,0.000000e+00,0.000000e+00,0.000000e+00,0.000000e+00,7.566890e-01,0.000000e+00,0.000000e+00,0.000000e+00,0.000000e+00,0.000000e+00
7.400000e-04,7.764026e-03,2.105182e-06,4.006871e-06,6.152869e-02,4.834583e-06,1.738566e-01,1.223673e-04,2.806107e-05,0.000000e+00,0.000000e+00,0.000000e+00,0.000000e+00,0.000000e+00,0.000000e+00,0.000000e+00,0.000000e+00,0.000000e+00,0.000000e+00,0.000000e+00,0.000000e+00,0.000000e+00,0.000000e+00,0.000000e+00,0.000000e+00,0.000000e+00,0.000000e+00,0.000000e+00,0.000000e+00,0.000000e+00,0.000000e+00,3.958137e-12,4.563995e-11,4.861768e-12,1.087061e-10,2.042741e-11,2.950723e-07,1.707410e-08,1.984877e-08,1.767655e-10,0.000000e+00,0.000000e+00,0.000000e+00,0.000000e+00,0.000000e+00,0.000000e+00,0.000000e+00,0.000000e+00,7.566890e-01,0.000000e+00,0.000000e+00,0.000000e+00,0.000000e+00,0.000000e+00
7.500000e-04,7.757287e-03,1.888942e-06,3.596458e-06,6.147399e-02,4.330223e-06,1.739185e-01,1.218312e-04,2.920964e-05,0.000000e+00,0.000000e+00,0.000000e+00,0.000000e+00,0.000000e+00,0.000000e+00,0.000000e+00,0.000000e+00,0.000000e+00,0.000000e+00,0.000000e+00,0.000000e+00,0.000000e+00,0.000000e+00,0.000000e+00,0.000000e+00,0.000000e+00,0.000000e+00,0.000000e+00,0.000000e+00,0.000000e+00,0.000000e+00,3.601841e-12,4.520081e-11,4.873774e-12,1.121718e-10,1.832939e-11,2.940772e-07,1.860158e-08,1.986166e-08,1.726435e-10,0.000000e+00,0.000000e+00,0.000000e+00,0.000000e+00,0.000000e+00,0.000000e+00,0.000000e+00,0.000000e+00,7.566890e-01,0.000000e+00,0.000000e+00,0.000000e+00,0.000000e+00,0.000000e+00
7.600000e-04,7.751255e-03,1.694258e-06,3.226795e-06,6.142501e-02,3.876202e-06,1.739740e-01,1.212696e-04,3.037028e-05,0.000000e+00,0.000000e+00,0.000000e+00,0.000000e+00,0.000000e+00,0.000000e+00,0.000000e+00,0.000000e+00,0.000000e+00,0.000000e+00,0.000000e+00,0.000000e+00,0.000000e+00,0.000000e+00,0.000000e+00,0.000000e+00,0.000000e+00,0.000000e+00,0.000000e+00,0.000000e+00,0.000000e+00,0.000000e+00,3.199278e-12,4.480434e-11,4.865080e-12,1.156526e-10,1.644046e-11,2.930187e-07,2.022590e-08,1.987325e-08,1.683987e-10,0.000000e+00,0.000000e+00,0.000000e+00,0.000000e+00,0.000000e+00,0.000000e+00,0.000000e+00,0.000000e+00,7.566890e-01,0.000000e+00,0.000000e+00,0.000000e+00,0.000000e+00,0.000000e+00
7.700000e-04,7.745858e-03,1.518989e-06,2.893860e-06,6.138119e-02,3.467616e-06,1.740235e-01,1.206802e-04,3.154101e-05,0.000000e+00,0.000000e+00,0.000000e+00,0.000000e+00,0.000000e+00,0.000000e+00,0.000000e+00,0.000000e+00,0.000000e+00,0.000000e+00,0.000000e+00,0.000000e+00,0.000000e+00,0.000000e+00,0.000000e+00,0.000000e+00,0.000000e+00,0.000000e+00,0.000000e+00,0.000000e+00,0.000000e+00,0.000000e+00,2.807150e-12,4.435777e-11,4.842230e-12,1.191355e-10,1.473987e-11,2.918448e-07,2.202891e-08,1.988368e-08,1.628352e-10,0.000000e+00,0.000000e+00,0.000000e+00,0.000000e+00,0.000000e+00,0.000000e+00,0.000000e+00,0.000000e+00,7.566890e-01,0.000000e+00,0.000000e+00,0.000000e+00,0.000000e+00,0.000000e+00
7.800000e-04,7.741031e-03,1.361223e-06,2.594048e-06,6.134200e-02,3.100053e-06,1.740678e-01,1.200608e-04,3.271986e-05,0.000000e+00,0.000000e+00,0.000000e+00,0.000000e+00,0.000000e+00,0.000000e+00,0.000000e+00,0.000000e+00,0.000000e+00,0.000000e+00,0.000000e+00,0.000000e+00,0.000000e+00,0.000000e+00,0.000000e+00,0.000000e+00,0.000000e+00,0.000000e+00,0.000000e+00,0.000000e+00,0.000000e+00,0.000000e+00,2.513218e-12,4.359888e-11,4.807540e-12,1.226081e-10,1.320907e-11,2.905685e-07,2.398900e-08,1.989306e-08,1.574883e-10,0.000000e+00,0.000000e+00,0.000000e+00,0.000000e+00,0.000000e+00,0.000000e+00,0.000000e+00,0.000000e+00,7.566890e-01,0.000000e+00,0.000000e+00,0.000000e+00,0.000000e+00,0.000000e+00
7.900000e-04,7.736718e-03,1.219245e-06,2.324130e-06,6.130697e-02,2.769537e-06,1.741073e-01,1.194096e-04,3.390480e-05,0.000000e+00,0.000000e+00,0.000000e+00,0.000000e+00,0.000000e+00,0.000000e+00,0.000000e+00,0.000000e+00,0.000000e+00,0.000000e+00,0.000000e+00,0.000000e+00,0.000000e+00,0.000000e+00,0.000000e+00,0.000000e+00,0.000000e+00,0.000000e+00,0.000000e+00,0.000000e+00,0.000000e+00,0.000000e+00,2.229697e-12,4.275232e-11,4.753943e-12,1.260579e-10,1.183145e-11,2.892253e-07,2.605082e-08,1.990150e-08,1.526624e-10,0.000000e+00,0.000000e+00,0.000000e+00,0.000000e+00,0.000000e+00,0.000000e+00,0.000000e+00,0.000000e+00,7.566890e-01,0.000000e+00,0.000000e+00,0.000000e+00,0.000000e+00,0.000000e+00
8.000000e-04,7.732864e-03,1.091520e-06,2.081208e-06,6.127570e-02,2.472494e-06,1.741426e-01,1.187248e-04,3.509381e-05,0.000000e+00,0.000000e+00,0.000000e+00,0.000000e+00,0.000000e+00,0.000000e+00,0.000000e+00,0.000000e+00,0.000000e+00,0.000000e+00,0.000000e+00,0.000000e+00,0.000000e+00,0.000000e+00,0.000000e+00,0.000000e+00,0.000000e+00,0.000000e+00,0.000000e+00,0.000000e+00,0.000000e+00,0.000000e+00,1.934419e-12,4.192963e-11,4.686161e-12,1.294725e-10,1.059209e-11,2.878021e-07,2.823608e-08,1.990908e-08,1.473206e-10,0.000000e+00,0.000000e+00,0.000000e+00,0.000000e+00,0.000000e+00,0.000000e+00,0.000000e+00,0.000000e+00,7.566890e-01,0.000000e+00,0.000000e+00,0.000000e+00,0.000000e+00,0.000000e+00
8.100000e-04,7.729425e-03,9.766638e-07,1.862674e-06,6.124779e-02,2.205710e-06,1.741741e-01,1.180051e-04,3.628483e-05,0.000000e+00,0.000000e+00,0.000000e+00,0.000000e+00,0.000000e+00,0.000000e+00,0.000000e+00,0.000000e+00,0.000000e+00,0.000000e+00,0.000000e+00,0.000000e+00,0.000000e+00,0.000000e+00,0.000000e+00,0.000000e+00,0.000000e+00,0.000000e+00,0.000000e+00,0.000000e+00,0.000000e+00,0.000000e+00,1.692996e-12,4.096309e-11,4.608983e-12,1.328417e-10,9.477598e-12,2.862667e-07,3.059430e-08,1.991589e-08,1.414763e-10,0.000000e+00,0.000000e+00,0.000000e+00,0.000000e+00,0.000000e+00,0.000000e+00,0.000000e+00,0.000000e+00,7.566890e-01,0.000000e+00,0.000000e+00,0.000000e+00,0.000000e+00,0.000000e+00
8.200000e-04,7.726356e-03,8.734355e-07,1.666180e-06,6.122291e-02,1.966292e-06,1.742022e-01,1.172495e-04,3.747583e-05,0.000000e+00,0.000000e+00,0.000000e+00,0.000000e+00,0.000000e+00,0.000000e+00,0.000000e+00,0.000000e+00,0.000000e+00,0.000000e+00,0.000000e+00,0.000000e+00,0.000000e+00,0.000000e+00,0.000000e+00,0.000000e+00,0.000000e+00,0.000000e+00,0.000000e+00,0.000000e+00,0.000000e+00,0.000000e+00,1.511315e-12,3.979522e-11,4.518030e-12,1.361566e-10,8.475918e-12,2.846175e-07,3.312687e-08,1.992201e-08,1.359839e-10,0.000000e+00,0.000000e+00,0.000000e+00,0.000000e+00,0.000000e+00,0.000000e+00,0.000000e+00,0.000000e+00,7.566890e-01,0.000000e+00,0.000000e+00,0.000000e+00,0.000000e+00,0.000000e+00
8.300000e-04,7.723619e-03,7.807182e-07,1.489616e-06,6.120075e-02,1.751631e-06,1.742271e-01,1.164572e-04,3.866482e-05,0.000000e+00,0.000000e+00,0.000000e+00,0.000000e+00,0.000000e+00,0.000000e+00,0.000000e+00,0.000000e+00,0.000000e+00,0.000000e+00,0.000000e+00,0.000000e+00,0.000000e+00,0.000000e+00,0.000000e+00,0.000000e+00,0.000000e+00,0.000000e+00,0.000000e+00,0.000000e+00,0.000000e+00,0.000000e+00,1.311694e-12,3.862221e-11,4.411397e-12,1.394066e-10,7.576222e-12,2.828904e-07,3.577861e-08,1.992751e-08,1.308742e-10,0.000000e+00,0.000000e+00,0.000000e+00,0.000000e+00,0.000000e+00,0.000000e+00,0.000000e+00,0.000000e+00,7.566890e-01,0.000000e+00,0.000000e+00,0.000000e+00,0.000000e+00,0.000000e+00
8.400000e-04,7.721181e-03,6.975052e-07,1.331080e-06,6.118103e-02,1.559357e-06,1.742494e-01,1.156276e-04,3.984979e-05,0.000000e+00,0.000000e+00,0.000000e+00,0.000000e+00,0.000000e+00,0.000000e+00,0.000000e+00,0.000000e+00,0.000000e+00,0.000000e+00,0.000000e+00,0.000000e+00,0.000000e+00,0.000000e+00,0.000000e+00,0.000000e+00,0.000000e+00,0.000000e+00,0.000000e+00,0.000000e+00,0.000000e+00,0.000000e+00,1.100507e-12,3.750719e-11,4.296340e-12,1.425818e-10,6.768743e-12,2.811025e-07,3.852377e-08,1.993246e-08,1.255935e-10,0.000000e+00,0.000000e+00,0.000000e+00,0.000000e+00,0.000000e+00,0.000000e+00,0.000000e+00,0.000000e+00,7.566890e-01,0.000000e+00,0.000000e+00,0.000000e+00,0.000000e+00,0.000000e+00
8.500000e-04,7.719009e-03,6.228861e-07,1.188850e-06,6.116351e-02,1.387319e-06,1.742692e-01,1.147609e-04,4.102880e-05,0.000000e+00,0.000000e+00,0.000000e+00,0.000000e+00,0.000000e+00,0.000000e+00,0.000000e+00,0.000000e+00,0.000000e+00,0.000000e+00,0.000000e+00,0.000000e+00,0.000000e+00,0.000000e+00,0.000000e+00,0.000000e+00,0.000000e+00,0.000000e+00,0.000000e+00,0.000000e+00,0.000000e+00,0.000000e+00,9.341133e-13,3.631184e-11,4.178612e-12,1.456763e-10,6.044650e-12,2.792290e-07,4.140136e-08,1.993690e-08,1.196826e-10,0.000000e+00,0.000000e+00,0.000000e+00,0.000000e+00,0.000000e+00,0.000000e+00,0.000000e+00,0.000000e+00,7.566890e-01,0.000000e+00,0.000000e+00,0.000000e+00,0.000000e+00,0.000000e+00
8.600000e-04,7.717076e-03,5.560360e-07,1.061366e-06,6.114794e-02,1.233575e-06,1.742867e-01,1.138574e-04,4.219997e-05,0.000000e+00,0.000000e+00,0.000000e+00,0.000000e+00,0.000000e+00,0.000000e+00,0.000000e+00,0.000000e+00,0.000000e+00,0.000000e+00,0.000000e+00,0.000000e+00,0.000000e+00,0.000000e+00,0.000000e+00,0.000000e+00,0.000000e+00,0.000000e+00,0.000000e+00,0.000000e+00,0.000000e+00,0.000000e+00,8.466459e-13,3.489459e-11,4.053871e-12,1.486852e-10,5.395942e-12,2.772223e-07,4.448414e-08,1.994089e-08,1.135763e-10,0.000000e+00,0.000000e+00,0.000000e+00,0.000000e+00,0.000000e+00,0.000000e+00,0.000000e+00,0.000000e+00,7.566890e-01,0.000000e+00,0.000000e+00,0.000000e+00,0.000000e+00,0.000000e+00
8.700000e-04,7.715356e-03,4.962077e-07,9.472140e-07,6.113412e-02,1.096370e-06,1.743024e-01,1.129178e-04,4.336149e-05,0.000000e+00,0.000000e+00,0.000000e+00,0.000000e+00,0.000000e+00,0.000000e+00,0.000000e+00,0.000000e+00,0.000000e+00,0.000000e+00,0.000000e+00,0.000000e+00,0.000000e+00,0.000000e+00,0.000000e+00,0.000000e+00,0.000000e+00,0.000000e+00,0.000000e+00,0.000000e+00,0.000000e+00,0.000000e+00,7.980494e-13,3.331640e-11,3.912580e-12,1.516020e-10,4.815367e-12,2.750557e-07,4.781120e-08,1.994447e-08,1.084283e-10,0.000000e+00,0.000000e+00,0.000000e+00,0.000000e+00,0.000000e+00,0.000000e+00,0.000000e+00,0.000000e+00,7.566890e-01,0.000000e+00,0.000000e+00,0.000000e+00,0.000000e+00,0.000000e+00
8.800000e-04,7.713826e-03,4.427266e-07,8.451162e-07,6.112188e-02,9.741090e-07,1.743162e-01,1.119432e-04,4.451161e-05,0.000000e+00,0.000000e+00,0.000000e+00,0.000000e+00,0.000000e+00,0.000000e+00,0.000000e+00,0.000000e+00,0.000000e+00,0.000000e+00,0.000000e+00,0.000000e+00,0.000000e+00,0.000000e+00,0.000000e+00,0.000000e+00,0.000000e+00,0.000000e+00,0.000000e+00,0.000000e+00,0.000000e+00,0.000000e+00,6.698901e-13,3.199299e-11,3.757522e-12,1.544162e-10,4.296384e-12,2.727902e-07,5.128746e-08,1.994770e-08,1.047544e-10,0.000000e+00,0.000000e+00,0.000000e+00,0.000000e+00,0.000000e+00,0.000000e+00,0.000000e+00,0.000000e+00,7.566890e-01,0.000000e+00,0.000000e+00,0.000000e+00,0.000000e+00,0.000000e+00
8.900000e-04,7.712465e-03,3.949820e-07,7.539157e-07,6.111104e-02,8.653351e-07,1.743286e-01,1.109349e-04,4.564870e-05,0.000000e+00,0.000000e+00,0.000000e+00,0.000000e+00,0.000000e+00,0.000000e+00,0.000000e+00,0.000000e+00,0.000000e+00,0.000000e+00,0.000000e+00,0.000000e+00,0.000000e+00,0.000000e+00,0.000000e+00,0.000000e+00,0.000000e+00,0.000000e+00,0.000000e+00,0.000000e+00,0.000000e+00,0.000000e+00,4.591512e-13,3.108356e-11,3.609143e-12,1.571233e-10,3.833063e-12,2.705125e-07,5.478126e-08,1.995060e-08,1.014027e-10,0.000000e+00,0.000000e+00,0.000000e+00,0.000000e+00,0.000000e+00,0.000000e+00,0.000000e+00,0.000000e+00,7.566890e-01,0.000000e+00,0.000000e+00,0.000000e+00,0.000000e+00,0.000000e+00
9.000000e-04,7.711255e-03,3.524181e-07,6.725616e-07,6.110145e-02,7.687041e-07,1.743395e-01,1.098948e-04,4.677119e-05,0.000000e+00,0.000000e+00,0.000000e+00,0.000000e+00,0.000000e+00,0.000000e+00,0.000000e+00,0.000000e+00,0.000000e+00,0.000000e+00,0.000000e+00,0.000000e+00,0.000000e+00,0.000000e+00,0.000000e+00,0.000000e+00,0.000000e+00,0.000000e+00,0.000000e+00,0.000000e+00,0.000000e+00,0.000000e+00,3.221402e-13,3.018437e-11,3.473785e-12,1.597293e-10,3.420015e-12,2.682158e-07,5.830523e-08,1.995321e-08,9.731328e-11,0.000000e+00,0.000000e+00,0.000000e+00,0.000000e+00,0.000000e+00,0.000000e+00,0.000000e+00,0.000000e+00,7.566890e-01,0.000000e+00,0.000000e+00,0.000000e+00,0.000000e+00,0.000000e+00
9.100000e-04,7.710178e-03,3.145296e-07,6.000982e-07,6.109297e-02,6.830047e-07,1.743492e-01,1.088251e-04,4.787766e-05,0.000000e+00,0.000000e+00,0.000000e+00,0.000000e+00,0.000000e+00,0.000000e+00,0.000000e+00,0.000000e+00,0.000000e+00,0.000000e+00,0.000000e+00,0.000000e+00,0.000000e+00,0.000000e+00,0.000000e+00,0.000000e+00,0.000000e+00,0.000000e+00,0.000000e+00,0.000000e+00,0.000000e+00,0.000000e+00,3.231706e-13,2.888293e-11,3.350899e-12,1.622377e-10,3.052336e-12,2.659408e-07,6.180108e-08,1.995556e-08,9.042506e-11,0.000000e+00,0.000000e+00,0.000000e+00,0.000000e+00,0.000000e+00,0.000000e+00,0.000000e+00,0.000000e+00,7.566890e-01,0.000000e+00,0.000000e+00,0.000000e+00,0.000000e+00,0.000000e+00
9.200000e-04,7.709219e-03,2.808541e-07,5.356512e-07,6.108548e-02,6.071541e-07,1.743578e-01,1.077284e-04,4.896680e-05,0.000000e+00,0.000000e+00,0.000000e+00,0.000000e+00,0.000000e+00,0.000000e+00,0.000000e+00,0.000000e+00,0.000000e+00,0.000000e+00,0.000000e+00,0.000000e+00,0.000000e+00,0.000000e+00,0.000000e+00,0.000000e+00,0.000000e+00,0.000000e+00,0.000000e+00,0.000000e+00,0.000000e+00,0.000000e+00,3.848344e-13,2.667154e-11,3.213015e-12,1.646494e-10,2.725541e-12,2.637369e-07,6.519826e-08,1.995768e-08,7.842330e-11,0.000000e+00,0.000000e+00,0.000000e+00,0.000000e+00,0.000000e+00,0.000000e+00,0.000000e+00,0.000000e+00,7.566890e-01,0.000000e+00,0.000000e+00,0.000000e+00,0.000000e+00,0.000000e+00
9.300000e-04,7.708366e-03,2.509744e-07,4.784292e-07,6.107887e-02,5.401429e-07,1.743655e-01,1.066074e-04,5.003741e-05,0.000000e+00,0.000000e+00,0.000000e+00,0.000000e+00,0.000000e+00,0.000000e+00,0.000000e+00,0.000000e+00,0.000000e+00,0.000000e+00,0.000000e+00,0.000000e+00,0.000000e+00,0.000000e+00,0.000000e+00,0.000000e+00,0.000000e+00,0.000000e+00,0.000000e+00,0.000000e+00,0.000000e+00,0.000000e+00,4.697699e-13,2.337809e-11,3.014253e-12,1.669338e-10,2.435578e-12,2.615806e-07,6.853123e-08,1.995959e-08,6.310661e-11,0.000000e+00,0.000000e+00,0.000000e+00,0.000000e+00,0.000000e+00,0.000000e+00,0.000000e+00,0.000000e+00,7.566890e-01,0.000000e+00,0.000000e+00,0.000000e+00,0.000000e+00,0.000000e+00
9.400000e-04,7.707605e-03,2.245075e-07,4.277051e-07,6.107304e-02,4.810494e-07,1.743723e-01,1.054653e-04,5.108844e-05,0.000000e+00,0.000000e+00,0.000000e+00,0.000000e+00,0.000000e+00,0.000000e+00,0.000000e+00,0.000000e+00,0.000000e+00,0.000000e+00,0.000000e+00,0.000000e+00,0.000000e+00,0.000000e+00,0.000000e+00,0.000000e+00,0.000000e+00,0.000000e+00,0.000000e+00,0.000000e+00,0.000000e+00,0.000000e+00,4.411072e-13,1.911245e-11,2.705226e-12,1.690427e-10,2.178733e-12,2.594843e-07,7.177804e-08,1.996132e-08,4.670506e-11,0.000000e+00,0.000000e+00,0.000000e+00,0.000000e+00,0.000000e+00,0.000000e+00,0.000000e+00,0.000000e+00,7.566890e-01,0.000000e+00,0.000000e+00,0.000000e+00,0.000000e+00,0.000000e+00
9.500000e-04,7.706926e-03,2.011069e-07,3.828237e-07,6.106789e-02,4.290305e-07,1.743784e-01,1.043054e-04,5.211897e-05,0.000000e+00,0.000000e+00,0.000000e+00,0.000000e+00,0.000000e+00,0.000000e+00,0.000000e+00,0.000000e+00,0.000000e+00,0.000000e+00,0.000000e+00,0.000000e+00,0.000000e+00,0.000000e+00,0.000000e+00,0.000000e+00,0.000000e+00,0.000000e+00,0.000000e+00,0.000000e+00,0.000000e+00,0.000000e+00,3.553550e-13,1.484505e-11,2.310813e-12,1.709151e-10,1.951645e-12,2.573117e-07,7.513538e-08,1.996288e-08,3.533072e-11,0.000000e+00,0.000000e+00,0.000000e+00,0.000000e+00,0.000000e+00,0.000000e+00,0.000000e+00,0.000000e+00,7.566890e-01,0.000000e+00,0.000000e+00,0.000000e+00,0.000000e+00,0.000000e+00
9.600000e-04,7.706319e-03,1.804550e-07,3.431830e-07,6.106334e-02,3.833104e-07,1.743838e-01,1.031311e-04,5.312822e-05,0.000000e+00,0.000000e+00,0.000000e+00,0.000000e+00,0.000000e+00,0.000000e+00,0.000000e+00,0.000000e+00,0.000000e+00,0.000000e+00,0.000000e+00,0.000000e+00,0.000000e+00,0.000000e+00,0.000000e+00,0.000000e+00,0.000000e+00,0.000000e+00,0.000000e+00,0.000000e+00,0.000000e+00,0.000000e+00,1.940025e-13,1.203261e-11,1.876569e-12,1.724859e-10,1.751231e-12,2.549231e-07,7.880290e-08,1.996430e-08,3.589869e-11,0.000000e+00,0.000000e+00,0.000000e+00,0.000000e+00,0.000000e+00,0.000000e+00,0.000000e+00,0.000000e+00,7.566890e-01,0.000000e+00,0.000000e+00,0.000000e+00,0.000000e+00,0.000000e+00
9.700000e-04,7.705774e-03,1.622630e-07,3.082379e-07,6.105933e-02,3.432178e-07,1.743887e-01,1.019462e-04,5.411555e-05,0.000000e+00,0.000000e+00,0.000000e+00,0.000000e+00,0.000000e+00,0.000000e+00,0.000000e+00,0.000000e+00,0.000000e+00,0.000000e+00,0.000000e+00,0.000000e+00,0.000000e+00,0.000000e+00,0.000000e+00,0.000000e+00,0.000000e+00,0.000000e+00,0.000000e+00,0.000000e+00,0.000000e+00,0.000000e+00,-8.236102e-14,1.207900e-11,1.558898e-12,1.737921e-10,1.574687e-12,2.521726e-07,8.299967e-08,1.996558e-08,4.829665e-11,0.000000e+00,0.000000e+00,0.000000e+00,0.000000e+00,0.000000e+00,0.000000e+00,0.000000e+00,0.000000e+00,7.566890e-01,0.000000e+00,0.000000e+00,0.000000e+00,0.000000e+00,0.000000e+00
9.800000e-04,7.705286e-03,1.462674e-07,2.774901e-07,6.105578e-02,3.081314e-07,1.743930e-01,1.007542e-04,5.508046e-05,0.000000e+00,0.000000e+00,0.000000e+00,0.000000e+00,0.000000e+00,0.000000e+00,0.000000e+00,0.000000e+00,0.000000e+00,0.000000e+00,0.000000e+00,0.000000e+00,0.000000e+00,0.000000e+00,0.000000e+00,0.000000e+00,0.000000e+00,0.000000e+00,0.000000e+00,0.000000e+00,0.000000e+00,0.000000e+00,-4.459835e-13,1.579279e-11,1.497337e-12,1.749144e-10,1.419459e-12,2.489673e-07,8.786896e-08,1.996676e-08,6.991601e-11,0.000000e+00,0.000000e+00,0.000000e+00,0.000000e+00,0.000000e+00,0.000000e+00,0.000000e+00,0.000000e+00,7.566890e-01,0.000000e+00,0.000000e+00,0.000000e+00,0.000000e+00,0.000000e+00
9.900000e-04,7.704845e-03,1.322303e-07,2.504859e-07,6.105264e-02,2.775010e-07,1.743969e-01,9.955867e-05,5.602257e-05,0.000000e+00,0.000000e+00,0.000000e+00,0.000000e+00,0.000000e+00,0.000000e+00,0.000000e+00,0.000000e+00,0.000000e+00,0.000000e+00,0.000000e+00,0.000000e+00,0.000000e+00,0.000000e+00,0.000000e+00,0.000000e+00,0.000000e+00,0.000000e+00,0.000000e+00,0.000000e+00,0.000000e+00,0.000000e+00,-8.780186e-13,2.164072e-11,1.769537e-12,1.760816e-10,1.283236e-12,2.454266e-07,9.325336e-08,1.996784e-08,8.592056e-11,0.000000e+00,0.000000e+00,0.000000e+00,0.000000e+00,0.000000e+00,0.000000e+00,0.000000e+00,0.000000e+00,7.566890e-01,0.000000e+00,0.000000e+00,0.000000e+00,0.000000e+00,0.000000e+00
1.000000e-03,7.704447e-03,1.199359e-07,2.268150e-07,6.104985e-02,2.508226e-07,1.744004e-01,9.836295e-05,5.694164e-05,0.000000e+00,0.000000e+00,0.000000e+00,0.000000e+00,0.000000e+00,0.000000e+00,0.000000e+00,0.000000e+00,0.000000e+00,0.000000e+00,0.000000e+00,0.000000e+00,0.000000e+00,0.000000e+00,0.000000e+00,0.000000e+00,0.000000e+00,0.000000e+00,0.000000e+00,0.000000e+00,0.000000e+00,0.000000e+00,-1.065136e-12,2.673966e-11,2.268204e-12,1.774464e-10,1.163926e-12,2.417989e-07,9.879488e-08,1.996884e-08,8.616427e-11,0.000000e+00,0.000000e+00,0.000000e+00,0.000000e+00,0.000000e+00,0.000000e+00,0.000000e+00,0.000000e+00,7.566890e-01,0.000000e+00,0.000000e+00,0.000000e+00,0.000000e+00,0.000000e+00
